datetime,open,high,low,close,volume
2024-08-01 09:30:00-04:00,224.3699951171875,224.45050048828125,223.4199981689453,223.83999633789062,1737603
2024-08-01 09:31:00-04:00,223.8300018310547,224.1699981689453,223.52000427246094,224.1199951171875,184201
2024-08-01 09:32:00-04:00,224.11000061035156,224.19000244140625,223.75,223.96499633789062,165883
2024-08-01 09:33:00-04:00,223.9499969482422,224.00999450683594,223.5,223.69000244140625,182977
2024-08-01 09:34:00-04:00,223.7100067138672,223.80999755859375,223.24000549316406,223.2899932861328,192096
2024-08-01 09:35:00-04:00,223.2899932861328,223.35000610351562,222.86000061035156,222.97000122070312,260045
2024-08-01 09:36:00-04:00,222.9499969482422,223.28640747070312,222.55999755859375,223.02999877929688,257267
2024-08-01 09:37:00-04:00,223.0500030517578,223.25999450683594,222.6199951171875,223.2100067138672,148395
2024-08-01 09:38:00-04:00,223.20970153808594,223.35000610351562,222.7899932861328,222.87600708007812,157101
2024-08-01 09:39:00-04:00,222.86000061035156,223.25,222.86000061035156,223.0399932861328,139394
2024-08-01 09:40:00-04:00,223.02000427246094,223.14500427246094,222.9199981689453,223.05999755859375,122579
2024-08-01 09:41:00-04:00,223.0500030517578,223.25,222.9199981689453,222.9499969482422,154827
2024-08-01 09:42:00-04:00,222.99000549316406,223.1300048828125,222.84010314941406,223.07000732421875,115042
2024-08-01 09:43:00-04:00,223.0749969482422,223.4799041748047,223.0749969482422,223.42999267578125,168804
2024-08-01 09:44:00-04:00,223.39999389648438,223.47000122070312,223.0500030517578,223.0500030517578,124444
2024-08-01 09:45:00-04:00,223.0800018310547,223.50999450683594,223.0800018310547,223.36000061035156,209769
2024-08-01 09:46:00-04:00,223.3699951171875,223.63999938964844,223.3000030517578,223.32949829101562,180109
2024-08-01 09:47:00-04:00,223.30999755859375,223.5,223.27999877929688,223.3000030517578,176590
2024-08-01 09:48:00-04:00,223.32989501953125,223.53399658203125,223.2899932861328,223.4499969482422,245269
2024-08-01 09:49:00-04:00,223.47999572753906,223.58999633789062,223.1199951171875,223.1201934814453,163160
2024-08-01 09:50:00-04:00,223.125,223.3800048828125,223.1199951171875,223.2949981689453,151311
2024-08-01 09:51:00-04:00,223.3000030517578,223.58999633789062,223.2949981689453,223.41000366210938,111134
2024-08-01 09:52:00-04:00,223.38999938964844,223.4499969482422,223.24000549316406,223.3699951171875,119263
2024-08-01 09:53:00-04:00,223.3699951171875,223.77999877929688,223.36000061035156,223.4499969482422,139160
2024-08-01 09:54:00-04:00,223.4600067138672,223.75999450683594,223.4600067138672,223.681396484375,129960
2024-08-01 09:55:00-04:00,223.67999267578125,223.91000366210938,223.6300048828125,223.77000427246094,146476
2024-08-01 09:56:00-04:00,223.75999450683594,224.03970336914062,223.64999389648438,224.03970336914062,185485
2024-08-01 09:57:00-04:00,224.0388946533203,224.2198944091797,223.9600067138672,224.02000427246094,165828
2024-08-01 09:58:00-04:00,224.01499938964844,224.14999389648438,223.92999267578125,224.06280517578125,115742
2024-08-01 09:59:00-04:00,224.0500030517578,224.3000030517578,224.0500030517578,224.27999877929688,170786
2024-08-01 10:00:00-04:00,224.25999450683594,224.3000030517578,223.74000549316406,223.875,217721
2024-08-01 10:01:00-04:00,223.86000061035156,224.07000732421875,223.72000122070312,224.0399932861328,135525
2024-08-01 10:02:00-04:00,224.0500030517578,224.07000732421875,223.89999389648438,224.0500030517578,140661
2024-08-01 10:03:00-04:00,224.04429626464844,224.08999633789062,223.9199981689453,223.9600067138672,139570
2024-08-01 10:04:00-04:00,223.96499633789062,224.0,223.80999755859375,223.94000244140625,93341
2024-08-01 10:05:00-04:00,223.94500732421875,224.0500030517578,223.80999755859375,223.80999755859375,150358
2024-08-01 10:06:00-04:00,223.82150268554688,223.86000061035156,223.42010498046875,223.42999267578125,127863
2024-08-01 10:07:00-04:00,223.44009399414062,223.47999572753906,223.1699981689453,223.30999755859375,188928
2024-08-01 10:08:00-04:00,223.30999755859375,223.7550048828125,223.30999755859375,223.5749969482422,160344
2024-08-01 10:09:00-04:00,223.56100463867188,223.56500244140625,223.0,223.00999450683594,182569
2024-08-01 10:10:00-04:00,223.00999450683594,223.33990478515625,222.9499969482422,223.02999877929688,196703
2024-08-01 10:11:00-04:00,223.0500030517578,223.39010620117188,222.97000122070312,223.30999755859375,130662
2024-08-01 10:12:00-04:00,223.33999633789062,223.57000732421875,223.2050018310547,223.32000732421875,107476
2024-08-01 10:13:00-04:00,223.3542938232422,223.60000610351562,223.3249969482422,223.5596923828125,84962
2024-08-01 10:14:00-04:00,223.5399932861328,223.58999633789062,223.13999938964844,223.15499877929688,84034
2024-08-01 10:15:00-04:00,223.1699981689453,223.24989318847656,223.10000610351562,223.24000549316406,75662
2024-08-01 10:16:00-04:00,223.22430419921875,223.38999938964844,223.02000427246094,223.02000427246094,94743
2024-08-01 10:17:00-04:00,223.02999877929688,223.05999755859375,222.74000549316406,222.8699951171875,132923
2024-08-01 10:18:00-04:00,222.85000610351562,222.9188995361328,222.60009765625,222.7100067138672,93251
2024-08-01 10:19:00-04:00,222.7100067138672,222.72999572753906,222.5,222.60000610351562,116874
2024-08-01 10:20:00-04:00,222.6300048828125,222.8697052001953,222.60000610351562,222.60000610351562,87831
2024-08-01 10:21:00-04:00,222.61000061035156,222.6300048828125,222.38499450683594,222.55999755859375,164510
2024-08-01 10:22:00-04:00,222.5635986328125,222.61000061035156,222.1300048828125,222.17999267578125,112192
2024-08-01 10:23:00-04:00,222.17999267578125,222.25979614257812,222.02999877929688,222.0449981689453,102926
2024-08-01 10:24:00-04:00,222.04429626464844,222.19000244140625,221.8300018310547,222.0200958251953,245671
2024-08-01 10:25:00-04:00,222.0399932861328,222.17999267578125,222.02499389648438,222.07000732421875,139395
2024-08-01 10:26:00-04:00,222.0399932861328,222.1199951171875,221.72000122070312,222.10519409179688,145836
2024-08-01 10:27:00-04:00,222.10000610351562,222.1300048828125,221.83999633789062,221.85000610351562,107586
2024-08-01 10:28:00-04:00,221.85000610351562,221.88999938964844,221.75,221.79989624023438,107977
2024-08-01 10:29:00-04:00,221.77000427246094,221.77000427246094,221.25999450683594,221.27999877929688,123275
2024-08-01 10:30:00-04:00,221.27969360351562,221.47999572753906,221.1300048828125,221.24000549316406,179195
2024-08-01 10:31:00-04:00,221.22999572753906,221.24000549316406,220.92999267578125,221.10000610351562,203210
2024-08-01 10:32:00-04:00,221.1300048828125,221.3699951171875,221.07240295410156,221.25999450683594,116328
2024-08-01 10:33:00-04:00,221.24000549316406,221.44000244140625,221.2100067138672,221.2899932861328,156671
2024-08-01 10:34:00-04:00,221.2899932861328,221.66000366210938,221.2700958251953,221.60479736328125,144661
2024-08-01 10:35:00-04:00,221.6199951171875,221.64999389648438,221.13009643554688,221.20989990234375,193609
2024-08-01 10:36:00-04:00,221.1999969482422,221.24000549316406,220.61000061035156,220.8699951171875,309903
2024-08-01 10:37:00-04:00,220.89999389648438,221.27999877929688,220.88999938964844,221.17999267578125,125438
2024-08-01 10:38:00-04:00,221.17999267578125,221.47000122070312,221.17999267578125,221.2899932861328,128132
2024-08-01 10:39:00-04:00,221.2899932861328,221.2899932861328,221.0,221.0800018310547,120174
2024-08-01 10:40:00-04:00,221.0800018310547,221.41360473632812,221.0800018310547,221.35499572753906,105745
2024-08-01 10:41:00-04:00,221.36000061035156,221.49000549316406,221.25999450683594,221.47500610351562,110055
2024-08-01 10:42:00-04:00,221.5,221.72999572753906,221.4199981689453,221.47500610351562,152403
2024-08-01 10:43:00-04:00,221.49000549316406,221.5800018310547,221.1999969482422,221.22000122070312,77652
2024-08-01 10:44:00-04:00,221.22999572753906,221.4600067138672,221.02940368652344,221.10000610351562,107553
2024-08-01 10:45:00-04:00,221.0800018310547,221.19000244140625,220.80999755859375,220.82000732421875,117795
2024-08-01 10:46:00-04:00,220.82000732421875,221.0,220.80999755859375,220.97000122070312,94926
2024-08-01 10:47:00-04:00,220.97999572753906,221.19000244140625,220.77000427246094,221.11500549316406,99045
2024-08-01 10:48:00-04:00,221.0800018310547,221.0800018310547,220.52999877929688,220.5491943359375,110897
2024-08-01 10:49:00-04:00,220.57000732421875,220.6300048828125,220.3502960205078,220.4199981689453,107378
2024-08-01 10:50:00-04:00,220.3699951171875,221.1199951171875,220.36000061035156,221.1199951171875,159643
2024-08-01 10:51:00-04:00,221.13999938964844,221.22000122070312,220.94000244140625,221.1699981689453,136716
2024-08-01 10:52:00-04:00,221.1750030517578,221.25,220.9600067138672,221.23399353027344,74178
2024-08-01 10:53:00-04:00,221.22999572753906,221.3000030517578,221.0399932861328,221.19000244140625,83310
2024-08-01 10:54:00-04:00,221.16000366210938,221.42999267578125,221.16000366210938,221.35000610351562,89874
2024-08-01 10:55:00-04:00,221.33999633789062,221.4040069580078,220.9199981689453,221.1999969482422,66641
2024-08-01 10:56:00-04:00,221.1999969482422,221.3300018310547,221.05999755859375,221.25,69948
2024-08-01 10:57:00-04:00,221.25999450683594,221.32000732421875,221.0399932861328,221.13999938964844,80471
2024-08-01 10:58:00-04:00,221.16000366210938,221.2449951171875,221.0449981689453,221.05999755859375,67098
2024-08-01 10:59:00-04:00,221.10000610351562,221.11000061035156,220.9499969482422,220.98500061035156,86452
2024-08-01 11:00:00-04:00,221.0,221.1750030517578,220.8300018310547,220.86500549316406,88360
2024-08-01 11:01:00-04:00,220.86500549316406,220.8800048828125,220.6199951171875,220.6300048828125,91899
2024-08-01 11:02:00-04:00,220.60000610351562,220.61000061035156,220.2100067138672,220.34030151367188,162888
2024-08-01 11:03:00-04:00,220.3699951171875,220.55999755859375,220.35000610351562,220.49609375,84557
2024-08-01 11:04:00-04:00,220.52000427246094,220.60000610351562,220.14999389648438,220.1501007080078,118237
2024-08-01 11:05:00-04:00,220.17999267578125,220.39999389648438,220.14999389648438,220.18499755859375,107959
2024-08-01 11:06:00-04:00,220.17999267578125,220.63999938964844,220.1199951171875,220.5399932861328,93547
2024-08-01 11:07:00-04:00,220.5059051513672,220.5399932861328,220.25999450683594,220.3000030517578,73875
2024-08-01 11:08:00-04:00,220.3300018310547,220.4499053955078,220.1508026123047,220.1699981689453,80520
2024-08-01 11:09:00-04:00,220.19000244140625,220.33999633789062,220.1699981689453,220.2899932861328,76137
2024-08-01 11:10:00-04:00,220.3000030517578,220.60000610351562,220.3000030517578,220.5699005126953,71756
2024-08-01 11:11:00-04:00,220.5675048828125,220.5675048828125,220.27999877929688,220.2899932861328,77402
2024-08-01 11:12:00-04:00,220.2899932861328,220.3699951171875,220.25,220.30999755859375,144649
2024-08-01 11:13:00-04:00,220.30999755859375,220.5500030517578,220.2899932861328,220.52999877929688,103066
2024-08-01 11:14:00-04:00,220.52999877929688,220.69000244140625,220.38900756835938,220.4199981689453,74837
2024-08-01 11:15:00-04:00,220.42999267578125,220.52000427246094,220.28500366210938,220.28500366210938,80338
2024-08-01 11:16:00-04:00,220.2899932861328,220.52000427246094,220.27999877929688,220.32000732421875,85903
2024-08-01 11:17:00-04:00,220.3300018310547,220.72500610351562,220.2310028076172,220.72500610351562,76384
2024-08-01 11:18:00-04:00,220.72000122070312,220.75,220.50999450683594,220.61000061035156,92885
2024-08-01 11:19:00-04:00,220.60000610351562,220.6300048828125,220.39999389648438,220.51499938964844,65193
2024-08-01 11:20:00-04:00,220.51719665527344,220.5800018310547,220.41000366210938,220.52999877929688,66093
2024-08-01 11:21:00-04:00,220.5,220.5800018310547,220.24000549316406,220.35000610351562,84665
2024-08-01 11:22:00-04:00,220.3350067138672,220.5399932861328,220.25999450683594,220.2899932861328,110393
2024-08-01 11:23:00-04:00,220.28500366210938,220.35000610351562,220.1199951171875,220.12030029296875,100205
2024-08-01 11:24:00-04:00,220.14999389648438,220.60000610351562,220.14999389648438,220.4499969482422,106611
2024-08-01 11:25:00-04:00,220.44000244140625,220.71499633789062,220.44000244140625,220.6999969482422,77141
2024-08-01 11:26:00-04:00,220.72000122070312,220.7899932861328,220.57989501953125,220.63999938964844,74377
2024-08-01 11:27:00-04:00,220.6199951171875,220.67999267578125,220.5399932861328,220.5634002685547,46724
2024-08-01 11:28:00-04:00,220.5800018310547,220.61000061035156,220.42999267578125,220.50999450683594,53801
2024-08-01 11:29:00-04:00,220.52999877929688,220.6300048828125,220.4600067138672,220.5399932861328,64158
2024-08-01 11:30:00-04:00,220.55999755859375,220.7100067138672,220.38999938964844,220.60499572753906,120727
2024-08-01 11:31:00-04:00,220.6300048828125,220.72000122070312,220.4499969482422,220.6300048828125,96554
2024-08-01 11:32:00-04:00,220.60499572753906,220.7899932861328,220.57000732421875,220.6291046142578,62087
2024-08-01 11:33:00-04:00,220.6699981689453,220.85000610351562,220.60000610351562,220.65939331054688,86568
2024-08-01 11:34:00-04:00,220.64639282226562,220.72999572753906,220.5500030517578,220.6699981689453,89375
2024-08-01 11:35:00-04:00,220.63999938964844,220.65390014648438,220.38999938964844,220.4499969482422,57592
2024-08-01 11:36:00-04:00,220.4499969482422,220.48500061035156,220.35000610351562,220.38949584960938,66473
2024-08-01 11:37:00-04:00,220.3800048828125,220.6199951171875,220.32000732421875,220.53500366210938,61841
2024-08-01 11:38:00-04:00,220.5500030517578,220.61000061035156,220.30999755859375,220.30999755859375,93983
2024-08-01 11:39:00-04:00,220.32000732421875,220.50999450683594,220.3000030517578,220.4541015625,55199
2024-08-01 11:40:00-04:00,220.4499969482422,220.4600067138672,219.86000061035156,219.86000061035156,172616
2024-08-01 11:41:00-04:00,219.88999938964844,220.0299072265625,219.80999755859375,219.80999755859375,84453
2024-08-01 11:42:00-04:00,219.8072967529297,219.82000732421875,219.5500030517578,219.58999633789062,91284
2024-08-01 11:43:00-04:00,219.60000610351562,219.72000122070312,219.50999450683594,219.59359741210938,118270
2024-08-01 11:44:00-04:00,219.5800018310547,219.6199951171875,219.27999877929688,219.3300018310547,131775
2024-08-01 11:45:00-04:00,219.33999633789062,219.5500030517578,219.21009826660156,219.50999450683594,77971
2024-08-01 11:46:00-04:00,219.51499938964844,219.6300048828125,219.4600067138672,219.52999877929688,64166
2024-08-01 11:47:00-04:00,219.5050048828125,219.5540008544922,219.36810302734375,219.38999938964844,50255
2024-08-01 11:48:00-04:00,219.38999938964844,219.5800018310547,219.36000061035156,219.5449981689453,91079
2024-08-01 11:49:00-04:00,219.5500030517578,219.72000122070312,219.5,219.66000366210938,73356
2024-08-01 11:50:00-04:00,219.66000366210938,219.75999450683594,219.60000610351562,219.64999389648438,67291
2024-08-01 11:51:00-04:00,219.63999938964844,219.77999877929688,219.58999633789062,219.75,63833
2024-08-01 11:52:00-04:00,219.75999450683594,220.02999877929688,219.7100067138672,219.9600067138672,97569
2024-08-01 11:53:00-04:00,219.94000244140625,219.99000549316406,219.82000732421875,219.82989501953125,60784
2024-08-01 11:54:00-04:00,219.83999633789062,219.89999389648438,219.75,219.86000061035156,48139
2024-08-01 11:55:00-04:00,219.85000610351562,220.1199951171875,219.85000610351562,220.10000610351562,72695
2024-08-01 11:56:00-04:00,220.0800018310547,220.0850067138672,219.9499969482422,219.9499969482422,58526
2024-08-01 11:57:00-04:00,219.9600067138672,220.0500030517578,219.9499969482422,220.0,58788
2024-08-01 11:58:00-04:00,220.02000427246094,220.02999877929688,219.8699951171875,219.89500427246094,66407
2024-08-01 11:59:00-04:00,219.89999389648438,219.97999572753906,219.77000427246094,219.8000030517578,69064
2024-08-01 12:00:00-04:00,219.79010009765625,219.8800048828125,219.6999969482422,219.80999755859375,70967
2024-08-01 12:01:00-04:00,219.80999755859375,219.86000061035156,219.6800994873047,219.8000030517578,64180
2024-08-01 12:02:00-04:00,219.79989624023438,219.94000244140625,219.72000122070312,219.92999267578125,47249
2024-08-01 12:03:00-04:00,219.9250030517578,219.9799041748047,219.86000061035156,219.88999938964844,54352
2024-08-01 12:04:00-04:00,219.8699951171875,219.89999389648438,219.77000427246094,219.82000732421875,46937
2024-08-01 12:05:00-04:00,219.80999755859375,219.91000366210938,219.7100067138672,219.7100067138672,64228
2024-08-01 12:06:00-04:00,219.7104034423828,219.89999389648438,219.66000366210938,219.85499572753906,71182
2024-08-01 12:07:00-04:00,219.86000061035156,220.0699005126953,219.83999633789062,220.0,74039
2024-08-01 12:08:00-04:00,219.97999572753906,219.97999572753906,219.74000549316406,219.82000732421875,66553
2024-08-01 12:09:00-04:00,219.82000732421875,219.9499969482422,219.78500366210938,219.86000061035156,51117
2024-08-01 12:10:00-04:00,219.83999633789062,219.89999389648438,219.7949981689453,219.8000030517578,47999
2024-08-01 12:11:00-04:00,219.7899932861328,219.8300018310547,219.66000366210938,219.67999267578125,67912
2024-08-01 12:12:00-04:00,219.66000366210938,219.82989501953125,219.64999389648438,219.77999877929688,64499
2024-08-01 12:13:00-04:00,219.78500366210938,219.84950256347656,219.73500061035156,219.77000427246094,42021
2024-08-01 12:14:00-04:00,219.7899932861328,219.93499755859375,219.77000427246094,219.91419982910156,60957
2024-08-01 12:15:00-04:00,219.89999389648438,220.10000610351562,219.88999938964844,220.07000732421875,108944
2024-08-01 12:16:00-04:00,220.05999755859375,220.1699981689453,219.92999267578125,219.9799041748047,79104
2024-08-01 12:17:00-04:00,219.9600067138672,219.9600067138672,219.75999450683594,219.85000610351562,51469
2024-08-01 12:18:00-04:00,219.8000030517578,219.88999938964844,219.74000549316406,219.7801055908203,63287
2024-08-01 12:19:00-04:00,219.7899932861328,219.8000030517578,219.50999450683594,219.5500030517578,96124
2024-08-01 12:20:00-04:00,219.5500030517578,219.71499633789062,219.5500030517578,219.66000366210938,88833
2024-08-01 12:21:00-04:00,219.72000122070312,219.75,219.5399932861328,219.57000732421875,54835
2024-08-01 12:22:00-04:00,219.57000732421875,219.58999633789062,219.35000610351562,219.35000610351562,88529
2024-08-01 12:23:00-04:00,219.35000610351562,219.39950561523438,219.17999267578125,219.24000549316406,96253
2024-08-01 12:24:00-04:00,219.25,219.30999755859375,219.13999938964844,219.14500427246094,67278
2024-08-01 12:25:00-04:00,219.14999389648438,219.24000549316406,219.14999389648438,219.22000122070312,48508
2024-08-01 12:26:00-04:00,219.21009826660156,219.22999572753906,219.1199951171875,219.17999267578125,87570
2024-08-01 12:27:00-04:00,219.17999267578125,219.17999267578125,219.02000427246094,219.14639282226562,119459
2024-08-01 12:28:00-04:00,219.14999389648438,219.14999389648438,219.0500030517578,219.13999938964844,59446
2024-08-01 12:29:00-04:00,219.16000366210938,219.3699951171875,219.10000610351562,219.32000732421875,65380
2024-08-01 12:30:00-04:00,219.33999633789062,219.36000061035156,219.14999389648438,219.30999755859375,60007
2024-08-01 12:31:00-04:00,219.33999633789062,219.3699951171875,219.2550048828125,219.30999755859375,62790
2024-08-01 12:32:00-04:00,219.32000732421875,219.38999938964844,219.22000122070312,219.27000427246094,69660
2024-08-01 12:33:00-04:00,219.25,219.34010314941406,219.19000244140625,219.25,44395
2024-08-01 12:34:00-04:00,219.2799072265625,219.3300018310547,219.22999572753906,219.25999450683594,45337
2024-08-01 12:35:00-04:00,219.27000427246094,219.2899932861328,219.1699981689453,219.17999267578125,45866
2024-08-01 12:36:00-04:00,219.1999969482422,219.4600067138672,219.19000244140625,219.45989990234375,56583
2024-08-01 12:37:00-04:00,219.42999267578125,219.5,219.27000427246094,219.2899932861328,43413
2024-08-01 12:38:00-04:00,219.27000427246094,219.2899932861328,219.0500030517578,219.0500030517578,68168
2024-08-01 12:39:00-04:00,219.0449981689453,219.08999633789062,218.91000366210938,218.9199981689453,140050
2024-08-01 12:40:00-04:00,218.92999267578125,219.0399932861328,218.85000610351562,218.8699951171875,96719
2024-08-01 12:41:00-04:00,218.86500549316406,218.8699951171875,218.67999267578125,218.68499755859375,91879
2024-08-01 12:42:00-04:00,218.6699981689453,218.75999450683594,218.5399932861328,218.6300048828125,128007
2024-08-01 12:43:00-04:00,218.6300048828125,218.8000030517578,218.60000610351562,218.8000030517578,63943
2024-08-01 12:44:00-04:00,218.80990600585938,218.8699951171875,218.75,218.7689971923828,78491
2024-08-01 12:45:00-04:00,218.72000122070312,218.9499969482422,218.7100067138672,218.8000030517578,110561
2024-08-01 12:46:00-04:00,218.82000732421875,218.86500549316406,218.4550018310547,218.5500030517578,157581
2024-08-01 12:47:00-04:00,218.57000732421875,218.94000244140625,218.55499267578125,218.83999633789062,241364
2024-08-01 12:48:00-04:00,218.83999633789062,218.9199981689453,218.8000030517578,218.91000366210938,87575
2024-08-01 12:49:00-04:00,218.91000366210938,219.05990600585938,218.8699951171875,219.00999450683594,127633
2024-08-01 12:50:00-04:00,219.00999450683594,219.02000427246094,218.77999877929688,218.8491973876953,82962
2024-08-01 12:51:00-04:00,218.85000610351562,218.889892578125,218.72000122070312,218.77000427246094,56147
2024-08-01 12:52:00-04:00,218.8000030517578,218.87989807128906,218.6300048828125,218.63499450683594,90137
2024-08-01 12:53:00-04:00,218.63999938964844,218.82000732421875,218.55999755859375,218.80999755859375,122681
2024-08-01 12:54:00-04:00,218.8249969482422,218.99000549316406,218.7899932861328,218.97000122070312,63328
2024-08-01 12:55:00-04:00,218.97999572753906,219.0,218.8000030517578,218.8800048828125,41862
2024-08-01 12:56:00-04:00,218.89500427246094,219.02000427246094,218.8800048828125,218.92999267578125,44907
2024-08-01 12:57:00-04:00,218.9149932861328,218.9600067138672,218.8000030517578,218.85000610351562,60388
2024-08-01 12:58:00-04:00,218.83999633789062,218.8824005126953,218.75999450683594,218.77999877929688,39867
2024-08-01 12:59:00-04:00,218.7899932861328,218.7899932861328,218.6699981689453,218.74000549316406,53819
2024-08-01 13:00:00-04:00,218.72000122070312,218.8699951171875,218.6999969482422,218.8000030517578,46940
2024-08-01 13:01:00-04:00,218.8000946044922,218.8699951171875,218.72000122070312,218.73370361328125,53006
2024-08-01 13:02:00-04:00,218.75,218.75,218.5800018310547,218.58970642089844,58476
2024-08-01 13:03:00-04:00,218.5850067138672,218.85000610351562,218.5850067138672,218.74459838867188,52891
2024-08-01 13:04:00-04:00,218.75999450683594,218.89999389648438,218.74000549316406,218.7899932861328,43201
2024-08-01 13:05:00-04:00,218.8300018310547,218.83999633789062,218.63999938964844,218.64990234375,65221
2024-08-01 13:06:00-04:00,218.63999938964844,218.75999450683594,218.25,218.27999877929688,115954
2024-08-01 13:07:00-04:00,218.27000427246094,218.3800048828125,218.24000549316406,218.27499389648438,77841
2024-08-01 13:08:00-04:00,218.2899932861328,218.47000122070312,218.28500366210938,218.32000732421875,69496
2024-08-01 13:09:00-04:00,218.30999755859375,218.44000244140625,218.17999267578125,218.3300018310547,65897
2024-08-01 13:10:00-04:00,218.35000610351562,218.37899780273438,218.25,218.3699951171875,57782
2024-08-01 13:11:00-04:00,218.35000610351562,218.39999389648438,218.3101043701172,218.38999938964844,55656
2024-08-01 13:12:00-04:00,218.36000061035156,218.43899536132812,218.3000030517578,218.3300018310547,49233
2024-08-01 13:13:00-04:00,218.33999633789062,218.4499969482422,218.3000030517578,218.30999755859375,47907
2024-08-01 13:14:00-04:00,218.32000732421875,218.33999633789062,218.23599243164062,218.2550048828125,37546
2024-08-01 13:15:00-04:00,218.25999450683594,218.27999877929688,218.13999938964844,218.26499938964844,51299
2024-08-01 13:16:00-04:00,218.25,218.25,218.0800018310547,218.17999267578125,56260
2024-08-01 13:17:00-04:00,218.1649932861328,218.25999450683594,218.02999877929688,218.02999877929688,52141
2024-08-01 13:18:00-04:00,218.02999877929688,218.25999450683594,218.02999877929688,218.22999572753906,48664
2024-08-01 13:19:00-04:00,218.22999572753906,218.3000030517578,217.9199981689453,217.94500732421875,142453
2024-08-01 13:20:00-04:00,217.92999267578125,217.97000122070312,217.75010681152344,217.75010681152344,91596
2024-08-01 13:21:00-04:00,217.77000427246094,217.87339782714844,217.75,217.79010009765625,100085
2024-08-01 13:22:00-04:00,217.80999755859375,217.8300018310547,217.63999938964844,217.7301025390625,79933
2024-08-01 13:23:00-04:00,217.73500061035156,217.77999877929688,217.6300048828125,217.68499755859375,65994
2024-08-01 13:24:00-04:00,217.6699981689453,217.7949981689453,217.6699981689453,217.75999450683594,65839
2024-08-01 13:25:00-04:00,217.76499938964844,217.83999633789062,217.74000549316406,217.75999450683594,52613
2024-08-01 13:26:00-04:00,217.76260375976562,217.84500122070312,217.7100067138672,217.75999450683594,60278
2024-08-01 13:27:00-04:00,217.77999877929688,217.92999267578125,217.764404296875,217.83999633789062,81054
2024-08-01 13:28:00-04:00,217.8300018310547,218.02999877929688,217.8000030517578,218.02999877929688,69035
2024-08-01 13:29:00-04:00,218.02999877929688,218.22000122070312,218.02999877929688,218.14999389648438,64697
2024-08-01 13:30:00-04:00,218.16000366210938,218.21519470214844,218.0399932861328,218.07989501953125,70765
2024-08-01 13:31:00-04:00,218.0800018310547,218.13999938964844,218.01980590820312,218.1199951171875,339747
2024-08-01 13:32:00-04:00,218.13999938964844,218.33999633789062,218.1199951171875,218.24009704589844,101489
2024-08-01 13:33:00-04:00,218.22000122070312,218.2899932861328,218.16000366210938,218.25,99417
2024-08-01 13:34:00-04:00,218.22999572753906,218.3634033203125,218.10000610351562,218.3300018310547,128968
2024-08-01 13:35:00-04:00,218.33999633789062,218.44000244140625,218.33999633789062,218.38999938964844,74607
2024-08-01 13:36:00-04:00,218.375,218.38499450683594,218.10000610351562,218.22000122070312,779143
2024-08-01 13:37:00-04:00,218.27999877929688,218.32000732421875,218.16000366210938,218.1699981689453,47015
2024-08-01 13:38:00-04:00,218.14559936523438,218.2100067138672,218.02999877929688,218.03500366210938,77640
2024-08-01 13:39:00-04:00,218.0500030517578,218.0753936767578,217.85000610351562,217.8800048828125,160012
2024-08-01 13:40:00-04:00,217.86000061035156,217.89549255371094,217.45010375976562,217.52000427246094,145561
2024-08-01 13:41:00-04:00,217.50999450683594,217.80999755859375,217.50999450683594,217.72000122070312,101254
2024-08-01 13:42:00-04:00,217.73500061035156,217.75,217.4199981689453,217.4550018310547,83378
2024-08-01 13:43:00-04:00,217.45469665527344,217.47999572753906,217.4199981689453,217.42010498046875,58471
2024-08-01 13:44:00-04:00,217.4499969482422,217.49000549316406,217.32000732421875,217.35000610351562,103770
2024-08-01 13:45:00-04:00,217.37249755859375,217.47000122070312,217.3300018310547,217.39500427246094,69482
2024-08-01 13:46:00-04:00,217.39999389648438,217.54010009765625,217.3699951171875,217.5,51749
2024-08-01 13:47:00-04:00,217.49000549316406,217.57000732421875,217.4199981689453,217.44000244140625,46593
2024-08-01 13:48:00-04:00,217.4340057373047,217.47999572753906,217.22000122070312,217.22000122070312,53816
2024-08-01 13:49:00-04:00,217.2100067138672,217.41000366210938,217.1907958984375,217.3000030517578,59391
2024-08-01 13:50:00-04:00,217.32000732421875,217.37069702148438,217.25,217.30999755859375,59800
2024-08-01 13:51:00-04:00,217.30999755859375,217.52000427246094,217.2899932861328,217.52000427246094,72062
2024-08-01 13:52:00-04:00,217.5050048828125,217.86000061035156,217.47000122070312,217.8249969482422,91003
2024-08-01 13:53:00-04:00,217.8249969482422,218.02999877929688,217.8249969482422,217.97999572753906,88096
2024-08-01 13:54:00-04:00,217.97970581054688,218.14999389648438,217.88999938964844,218.13999938964844,81564
2024-08-01 13:55:00-04:00,218.1300048828125,218.17999267578125,218.02999877929688,218.13499450683594,68201
2024-08-01 13:56:00-04:00,218.1300048828125,218.16000366210938,218.02000427246094,218.0500030517578,97260
2024-08-01 13:57:00-04:00,218.0500030517578,218.22000122070312,218.0399932861328,218.21949768066406,90550
2024-08-01 13:58:00-04:00,218.21499633789062,218.41000366210938,218.2100067138672,218.33999633789062,120873
2024-08-01 13:59:00-04:00,218.3350067138672,218.66000366210938,218.3350067138672,218.6300048828125,85523
2024-08-01 14:00:00-04:00,218.6199951171875,218.8000030517578,218.5,218.5500946044922,127056
2024-08-01 14:01:00-04:00,218.55999755859375,218.6300048828125,218.5,218.5,181348
2024-08-01 14:02:00-04:00,218.50999450683594,218.55499267578125,218.16000366210938,218.24000549316406,229547
2024-08-01 14:03:00-04:00,218.24000549316406,218.60000610351562,218.24000549316406,218.50999450683594,91848
2024-08-01 14:04:00-04:00,218.5,218.5500030517578,218.3800048828125,218.38499450683594,57225
2024-08-01 14:05:00-04:00,218.3800048828125,218.44000244140625,218.32000732421875,218.41000366210938,125351
2024-08-01 14:06:00-04:00,218.40499877929688,218.47999572753906,218.36000061035156,218.36000061035156,57217
2024-08-01 14:07:00-04:00,218.4199981689453,218.47000122070312,218.3699951171875,218.42999267578125,58162
2024-08-01 14:08:00-04:00,218.44000244140625,218.44000244140625,218.3000030517578,218.32110595703125,97822
2024-08-01 14:09:00-04:00,218.36000061035156,218.3800048828125,218.2899932861328,218.30999755859375,71268
2024-08-01 14:10:00-04:00,218.30999755859375,218.61990356445312,218.2899932861328,218.52999877929688,92133
2024-08-01 14:11:00-04:00,218.52999877929688,218.64979553222656,218.31500244140625,218.3300018310547,93996
2024-08-01 14:12:00-04:00,218.3300018310547,218.3300018310547,218.07000732421875,218.08200073242188,109704
2024-08-01 14:13:00-04:00,218.0800018310547,218.11000061035156,217.91000366210938,218.03500366210938,95553
2024-08-01 14:14:00-04:00,218.0500030517578,218.1999053955078,217.8800048828125,217.89999389648438,68658
2024-08-01 14:15:00-04:00,217.90499877929688,217.99989318847656,217.79409790039062,217.88999938964844,61248
2024-08-01 14:16:00-04:00,217.88999938964844,218.00999450683594,217.75,217.77000427246094,54839
2024-08-01 14:17:00-04:00,217.77000427246094,217.80999755859375,217.61000061035156,217.61000061035156,74062
2024-08-01 14:18:00-04:00,217.63999938964844,217.64999389648438,217.49000549316406,217.52000427246094,77739
2024-08-01 14:19:00-04:00,217.47999572753906,217.50999450683594,217.32000732421875,217.4250030517578,81303
2024-08-01 14:20:00-04:00,217.42999267578125,217.72999572753906,217.4149932861328,217.70689392089844,119940
2024-08-01 14:21:00-04:00,217.6999969482422,217.7050018310547,217.3699951171875,217.41000366210938,114971
2024-08-01 14:22:00-04:00,217.42999267578125,217.44000244140625,217.22000122070312,217.22000122070312,125196
2024-08-01 14:23:00-04:00,217.22000122070312,217.38999938964844,217.2100067138672,217.36000061035156,48149
2024-08-01 14:24:00-04:00,217.3800048828125,217.42990112304688,217.24000549316406,217.25999450683594,77103
2024-08-01 14:25:00-04:00,217.2899932861328,217.42999267578125,217.22000122070312,217.42999267578125,73846
2024-08-01 14:26:00-04:00,217.4293975830078,217.58529663085938,217.39999389648438,217.47000122070312,104974
2024-08-01 14:27:00-04:00,217.5,217.63999938964844,217.48880004882812,217.58999633789062,61429
2024-08-01 14:28:00-04:00,217.59500122070312,217.6898956298828,217.4600067138672,217.66000366210938,143500
2024-08-01 14:29:00-04:00,217.6699981689453,217.8000030517578,217.63999938964844,217.7899932861328,107681
2024-08-01 14:30:00-04:00,217.7949981689453,218.0399932861328,217.60009765625,217.60009765625,142190
2024-08-01 14:31:00-04:00,217.62269592285156,217.6300048828125,217.42999267578125,217.61000061035156,88156
2024-08-01 14:32:00-04:00,217.6300048828125,217.67999267578125,217.41000366210938,217.44000244140625,56592
2024-08-01 14:33:00-04:00,217.41000366210938,217.58999633789062,217.36000061035156,217.375,83964
2024-08-01 14:34:00-04:00,217.3800048828125,217.44000244140625,217.17999267578125,217.30999755859375,115981
2024-08-01 14:35:00-04:00,217.2969970703125,217.55999755859375,217.2969970703125,217.44000244140625,84599
2024-08-01 14:36:00-04:00,217.44500732421875,217.46499633789062,217.3000030517578,217.3697052001953,58468
2024-08-01 14:37:00-04:00,217.3300018310547,217.4199981689453,217.2899932861328,217.3300018310547,77142
2024-08-01 14:38:00-04:00,217.3350067138672,217.375,217.20419311523438,217.24000549316406,66677
2024-08-01 14:39:00-04:00,217.24000549316406,217.5959930419922,217.24000549316406,217.49000549316406,77142
2024-08-01 14:40:00-04:00,217.49000549316406,217.75999450683594,217.47999572753906,217.66000366210938,63330
2024-08-01 14:41:00-04:00,217.64500427246094,217.72999572753906,217.47000122070312,217.49459838867188,63731
2024-08-01 14:42:00-04:00,217.4949951171875,217.50999450683594,217.3000030517578,217.40310668945312,87505
2024-08-01 14:43:00-04:00,217.44000244140625,217.44000244140625,217.27000427246094,217.28500366210938,98823
2024-08-01 14:44:00-04:00,217.2899932861328,217.4600067138672,217.27499389648438,217.3300018310547,70801
2024-08-01 14:45:00-04:00,217.3300018310547,217.33999633789062,217.22019958496094,217.22999572753906,70515
2024-08-01 14:46:00-04:00,217.24000549316406,217.33990478515625,217.1699981689453,217.1999969482422,82949
2024-08-01 14:47:00-04:00,217.2100067138672,217.22999572753906,217.10000610351562,217.2115936279297,84554
2024-08-01 14:48:00-04:00,217.22000122070312,217.3699951171875,217.1300048828125,217.1999969482422,120617
2024-08-01 14:49:00-04:00,217.1999969482422,217.2100067138672,217.02000427246094,217.13999938964844,142352
2024-08-01 14:50:00-04:00,217.1300048828125,217.35989379882812,217.1199951171875,217.2899932861328,100426
2024-08-01 14:51:00-04:00,217.2899932861328,217.47000122070312,217.2884063720703,217.47000122070312,101023
2024-08-01 14:52:00-04:00,217.5,217.5500030517578,217.4199981689453,217.5,309425
2024-08-01 14:53:00-04:00,217.52499389648438,217.7100067138672,217.4499969482422,217.6300048828125,101114
2024-08-01 14:54:00-04:00,217.6300048828125,217.72999572753906,217.4539031982422,217.49000549316406,80096
2024-08-01 14:55:00-04:00,217.47999572753906,217.63999938964844,217.46749877929688,217.57000732421875,71287
2024-08-01 14:56:00-04:00,217.57000732421875,217.76980590820312,217.5399932861328,217.61000061035156,81024
2024-08-01 14:57:00-04:00,217.6199951171875,217.85000610351562,217.55999755859375,217.80999755859375,77146
2024-08-01 14:58:00-04:00,217.8000030517578,217.88499450683594,217.5399932861328,217.5399932861328,256859
2024-08-01 14:59:00-04:00,217.55499267578125,217.61000061035156,217.3699951171875,217.4949951171875,83769
2024-08-01 15:00:00-04:00,217.47999572753906,217.6699981689453,217.35000610351562,217.5,69012
2024-08-01 15:01:00-04:00,217.5399932861328,217.77000427246094,217.47999572753906,217.77000427246094,56548
2024-08-01 15:02:00-04:00,217.75999450683594,217.83999633789062,217.6699981689453,217.74000549316406,96695
2024-08-01 15:03:00-04:00,217.74000549316406,217.74339294433594,217.4199981689453,217.52499389648438,89365
2024-08-01 15:04:00-04:00,217.52499389648438,217.6999969482422,217.39999389648438,217.6999969482422,65284
2024-08-01 15:05:00-04:00,217.67999267578125,217.74000549316406,217.52000427246094,217.52000427246094,68859
2024-08-01 15:06:00-04:00,217.52000427246094,217.61000061035156,217.27999877929688,217.3000030517578,68386
2024-08-01 15:07:00-04:00,217.30499267578125,217.42999267578125,217.21499633789062,217.21499633789062,69806
2024-08-01 15:08:00-04:00,217.22000122070312,217.3350067138672,217.1199951171875,217.19000244140625,222038
2024-08-01 15:09:00-04:00,217.17999267578125,217.5,217.17999267578125,217.4550018310547,93108
2024-08-01 15:10:00-04:00,217.4600067138672,217.7899932861328,217.45010375976562,217.7100067138672,112653
2024-08-01 15:11:00-04:00,217.6999969482422,217.7899932861328,217.6699981689453,217.7550048828125,87521
2024-08-01 15:12:00-04:00,217.72999572753906,217.9499969482422,217.72999572753906,217.76559448242188,114150
2024-08-01 15:13:00-04:00,217.75999450683594,217.7899932861328,217.64999389648438,217.7550048828125,92664
2024-08-01 15:14:00-04:00,217.7698974609375,217.80999755859375,217.67999267578125,217.69000244140625,72826
2024-08-01 15:15:00-04:00,217.69000244140625,217.80999755859375,217.5399932861328,217.5399932861328,127687
2024-08-01 15:16:00-04:00,217.52999877929688,217.53990173339844,217.3300018310547,217.3350067138672,83630
2024-08-01 15:17:00-04:00,217.3397979736328,217.6999969482422,217.3397979736328,217.52000427246094,98292
2024-08-01 15:18:00-04:00,217.56500244140625,217.8699951171875,217.52369689941406,217.85000610351562,97359
2024-08-01 15:19:00-04:00,217.84500122070312,217.9550018310547,217.75999450683594,217.9199981689453,91441
2024-08-01 15:20:00-04:00,217.9199981689453,218.125,217.77999877929688,217.77999877929688,133044
2024-08-01 15:21:00-04:00,217.77589416503906,217.9499969482422,217.77000427246094,217.94000244140625,119993
2024-08-01 15:22:00-04:00,217.9499969482422,218.0500030517578,217.82000732421875,217.82000732421875,107190
2024-08-01 15:23:00-04:00,217.8000030517578,217.8350067138672,217.67999267578125,217.77000427246094,89533
2024-08-01 15:24:00-04:00,217.77000427246094,217.87939453125,217.75999450683594,217.85000610351562,72638
2024-08-01 15:25:00-04:00,217.86000061035156,217.94000244140625,217.75999450683594,217.88999938964844,91284
2024-08-01 15:26:00-04:00,217.89999389648438,218.15989685058594,217.86590576171875,218.10000610351562,119549
2024-08-01 15:27:00-04:00,218.10000610351562,218.11000061035156,217.9501953125,218.0,179503
2024-08-01 15:28:00-04:00,218.0,218.0,217.6199951171875,217.69000244140625,128042
2024-08-01 15:29:00-04:00,217.6999969482422,218.07000732421875,217.6999969482422,218.05499267578125,114166
2024-08-01 15:30:00-04:00,218.0500030517578,218.2100067138672,218.0500030517578,218.14500427246094,134360
2024-08-01 15:31:00-04:00,218.13999938964844,218.42999267578125,218.10000610351562,218.34500122070312,127953
2024-08-01 15:32:00-04:00,218.36000061035156,218.52999877929688,218.30999755859375,218.41000366210938,133361
2024-08-01 15:33:00-04:00,218.39999389648438,218.4949951171875,218.32000732421875,218.3699951171875,135502
2024-08-01 15:34:00-04:00,218.37510681152344,218.3800048828125,218.0050048828125,218.09500122070312,208845
2024-08-01 15:35:00-04:00,218.10499572753906,218.3000030517578,218.0749969482422,218.16000366210938,105171
2024-08-01 15:36:00-04:00,218.16000366210938,218.3000030517578,218.0399932861328,218.2624969482422,139423
2024-08-01 15:37:00-04:00,218.25999450683594,218.41000366210938,218.0800018310547,218.39500427246094,153564
2024-08-01 15:38:00-04:00,218.39999389648438,218.45989990234375,218.2899932861328,218.37950134277344,162316
2024-08-01 15:39:00-04:00,218.3800048828125,218.5,218.36000061035156,218.41000366210938,115548
2024-08-01 15:40:00-04:00,218.41000366210938,218.41000366210938,217.86000061035156,217.88999938964844,159937
2024-08-01 15:41:00-04:00,217.8800048828125,217.9600067138672,217.78500366210938,217.85000610351562,200067
2024-08-01 15:42:00-04:00,217.85000610351562,217.8800048828125,217.61000061035156,217.64999389648438,149668
2024-08-01 15:43:00-04:00,217.6699981689453,218.1199951171875,217.6300048828125,218.0399932861328,168413
2024-08-01 15:44:00-04:00,218.0500030517578,218.05499267578125,217.75999450683594,217.8800048828125,167473
2024-08-01 15:45:00-04:00,217.88499450683594,218.22000122070312,217.75,217.81500244140625,242583
2024-08-01 15:46:00-04:00,217.83999633789062,218.18499755859375,217.83999633789062,217.9949951171875,143862
2024-08-01 15:47:00-04:00,217.9949951171875,218.32000732421875,217.94000244140625,218.23199462890625,175231
2024-08-01 15:48:00-04:00,218.22999572753906,218.33999633789062,218.1501007080078,218.16009521484375,158816
2024-08-01 15:49:00-04:00,218.16000366210938,218.4600067138672,218.02000427246094,218.4199981689453,259501
2024-08-01 15:50:00-04:00,218.4199981689453,219.13999938964844,218.3800048828125,218.82000732421875,622350
2024-08-01 15:51:00-04:00,218.80999755859375,219.0,218.46499633789062,218.46499633789062,294487
2024-08-01 15:52:00-04:00,218.46499633789062,218.6699981689453,218.44000244140625,218.52000427246094,304348
2024-08-01 15:53:00-04:00,218.52999877929688,218.52999877929688,218.0,218.2100067138672,349169
2024-08-01 15:54:00-04:00,218.2050018310547,218.31500244140625,217.13499450683594,217.63999938964844,549663
2024-08-01 15:55:00-04:00,217.63999938964844,217.9600067138672,217.5800018310547,217.58999633789062,322538
2024-08-01 15:56:00-04:00,217.60000610351562,218.22000122070312,217.52999877929688,217.97869873046875,349835
2024-08-01 15:57:00-04:00,217.97000122070312,218.33999633789062,217.94000244140625,218.1840057373047,290706
2024-08-01 15:58:00-04:00,218.17999267578125,218.4600067138672,218.1300048828125,218.1300048828125,347600
2024-08-01 15:59:00-04:00,218.1199951171875,218.50999450683594,217.92999267578125,218.27999877929688,765759
2024-08-02 09:30:00-04:00,219.14999389648438,220.3000030517578,218.77000427246094,220.28939819335938,5047951
2024-08-02 09:31:00-04:00,220.32000732421875,221.0,217.7100067138672,220.97999572753906,884576
2024-08-02 09:32:00-04:00,221.0,221.75999450683594,220.1999969482422,221.42990112304688,951997
2024-08-02 09:33:00-04:00,221.3000030517578,221.55999755859375,220.38999938964844,220.94000244140625,457892
2024-08-02 09:34:00-04:00,220.91000366210938,220.9799041748047,220.29080200195312,220.44500732421875,621655
2024-08-02 09:35:00-04:00,220.4499969482422,220.52000427246094,219.64999389648438,219.77999877929688,534422
2024-08-02 09:36:00-04:00,219.7899932861328,220.58999633789062,219.67010498046875,220.2100067138672,634254
2024-08-02 09:37:00-04:00,220.25,221.22000122070312,220.24000549316406,220.94000244140625,480542
2024-08-02 09:38:00-04:00,220.94000244140625,221.8000030517578,220.75,221.72079467773438,426551
2024-08-02 09:39:00-04:00,221.74000549316406,222.5509033203125,221.74000549316406,222.48240661621094,604535
2024-08-02 09:40:00-04:00,222.49000549316406,223.35000610351562,222.4499969482422,223.0800018310547,600929
2024-08-02 09:41:00-04:00,223.0417938232422,223.39999389648438,222.85000610351562,223.14999389648438,233269
2024-08-02 09:42:00-04:00,223.18499755859375,223.8699951171875,222.9199981689453,223.22500610351562,879521
2024-08-02 09:43:00-04:00,223.1300048828125,223.58999633789062,222.74200439453125,223.3437957763672,432172
2024-08-02 09:44:00-04:00,223.34359741210938,223.7899932861328,223.22500610351562,223.5800018310547,385988
2024-08-02 09:45:00-04:00,223.60000610351562,224.39999389648438,223.5800018310547,224.3800048828125,673344
2024-08-02 09:46:00-04:00,224.3717041015625,224.4149932861328,223.02000427246094,223.35000610351562,586732
2024-08-02 09:47:00-04:00,223.35499572753906,223.7449951171875,223.02999877929688,223.13999938964844,412970
2024-08-02 09:48:00-04:00,223.11500549316406,223.47000122070312,222.82000732421875,223.06500244140625,391562
2024-08-02 09:49:00-04:00,223.08999633789062,223.410400390625,222.8699951171875,223.02999877929688,400571
2024-08-02 09:50:00-04:00,223.0,223.75230407714844,222.8509979248047,223.6199951171875,389452
2024-08-02 09:51:00-04:00,223.61500549316406,223.69500732421875,223.1300048828125,223.39199829101562,243959
2024-08-02 09:52:00-04:00,223.4199981689453,223.77999877929688,223.38999938964844,223.4199981689453,316643
2024-08-02 09:53:00-04:00,223.41000366210938,224.1999969482422,223.40499877929688,223.9499969482422,346394
2024-08-02 09:54:00-04:00,223.9499969482422,224.33279418945312,223.6699981689453,224.18519592285156,433299
2024-08-02 09:55:00-04:00,224.1750030517578,224.3800048828125,223.27000427246094,223.3800048828125,321156
2024-08-02 09:56:00-04:00,223.3800048828125,223.42999267578125,222.13999938964844,222.2698974609375,387311
2024-08-02 09:57:00-04:00,222.24000549316406,222.6291961669922,222.10009765625,222.61000061035156,364635
2024-08-02 09:58:00-04:00,222.62899780273438,223.5,222.5823974609375,223.13499450683594,353670
2024-08-02 09:59:00-04:00,223.11000061035156,223.4199981689453,222.7100067138672,223.22999572753906,305153
2024-08-02 10:00:00-04:00,223.2050018310547,223.6999969482422,223.17999267578125,223.28500366210938,303505
2024-08-02 10:01:00-04:00,223.26100158691406,223.88450622558594,222.97500610351562,223.7899932861328,299318
2024-08-02 10:02:00-04:00,223.82000732421875,224.14990234375,223.72000122070312,223.75999450683594,419688
2024-08-02 10:03:00-04:00,223.72000122070312,224.14999389648438,223.6699981689453,224.0498046875,240883
2024-08-02 10:04:00-04:00,224.0399932861328,224.05999755859375,223.02999877929688,223.10000610351562,275706
2024-08-02 10:05:00-04:00,223.1269073486328,223.21800231933594,222.4550018310547,222.49000549316406,338864
2024-08-02 10:06:00-04:00,222.47000122070312,222.52000427246094,221.5399932861328,221.81500244140625,441330
2024-08-02 10:07:00-04:00,221.76010131835938,221.92999267578125,221.09010314941406,221.77999877929688,327432
2024-08-02 10:08:00-04:00,221.82000732421875,222.0399932861328,221.1199951171875,221.44000244140625,230964
2024-08-02 10:09:00-04:00,221.50010681152344,221.53990173339844,220.82009887695312,221.22999572753906,406826
2024-08-02 10:10:00-04:00,221.2299041748047,221.27000427246094,220.67999267578125,220.8000030517578,350268
2024-08-02 10:11:00-04:00,220.77000427246094,221.36500549316406,220.7100067138672,221.02999877929688,296598
2024-08-02 10:12:00-04:00,221.02000427246094,221.5500030517578,220.97999572753906,221.42999267578125,236402
2024-08-02 10:13:00-04:00,221.41720581054688,222.1300048828125,221.38999938964844,222.08290100097656,312129
2024-08-02 10:14:00-04:00,222.0511016845703,222.0800018310547,220.6999969482422,220.8350067138672,306379
2024-08-02 10:15:00-04:00,220.77999877929688,221.5500030517578,220.77000427246094,221.18499755859375,318503
2024-08-02 10:16:00-04:00,221.1699981689453,221.5,220.97470092773438,221.39999389648438,231868
2024-08-02 10:17:00-04:00,221.38270568847656,221.6999969482422,221.14500427246094,221.30999755859375,223479
2024-08-02 10:18:00-04:00,221.25999450683594,221.52000427246094,221.0800018310547,221.5,160377
2024-08-02 10:19:00-04:00,221.50999450683594,221.57000732421875,220.8300018310547,221.22999572753906,188876
2024-08-02 10:20:00-04:00,221.22500610351562,221.83999633789062,220.90480041503906,221.47000122070312,2551713
2024-08-02 10:21:00-04:00,221.43499755859375,221.85000610351562,221.21009826660156,221.78880310058594,236802
2024-08-02 10:22:00-04:00,221.7899932861328,221.80999755859375,221.1699981689453,221.5800018310547,160789
2024-08-02 10:23:00-04:00,221.54600524902344,222.07000732421875,221.54600524902344,221.9600067138672,215959
2024-08-02 10:24:00-04:00,221.89999389648438,222.27999877929688,221.75999450683594,221.83999633789062,211414
2024-08-02 10:25:00-04:00,221.85000610351562,222.72000122070312,221.85000610351562,222.69000244140625,292745
2024-08-02 10:26:00-04:00,222.69000244140625,222.88999938964844,222.30999755859375,222.4199981689453,302427
2024-08-02 10:27:00-04:00,222.4199981689453,222.66990661621094,222.19009399414062,222.58999633789062,154244
2024-08-02 10:28:00-04:00,222.58999633789062,222.9499969482422,222.5399932861328,222.82000732421875,204021
2024-08-02 10:29:00-04:00,222.7949981689453,222.82919311523438,222.1699981689453,222.65499877929688,194368
2024-08-02 10:30:00-04:00,222.6300048828125,222.99000549316406,222.5800018310547,222.83999633789062,182497
2024-08-02 10:31:00-04:00,222.80140686035156,223.0500030517578,222.718505859375,222.95010375976562,224110
2024-08-02 10:32:00-04:00,222.95399475097656,223.02000427246094,222.74000549316406,222.8300018310547,179271
2024-08-02 10:33:00-04:00,222.83999633789062,223.33999633789062,222.83999633789062,223.1999969482422,265486
2024-08-02 10:34:00-04:00,223.19529724121094,223.2803955078125,223.08999633789062,223.14999389648438,217150
2024-08-02 10:35:00-04:00,223.1699981689453,223.47279357910156,222.92999267578125,223.33999633789062,262312
2024-08-02 10:36:00-04:00,223.3300018310547,223.35000610351562,222.80999755859375,222.85499572753906,205223
2024-08-02 10:37:00-04:00,222.85000610351562,223.07000732421875,222.6699981689453,223.05999755859375,203814
2024-08-02 10:38:00-04:00,223.02499389648438,223.23779296875,222.96499633789062,223.17999267578125,135177
2024-08-02 10:39:00-04:00,223.1649932861328,223.29989624023438,223.0500030517578,223.10499572753906,184282
2024-08-02 10:40:00-04:00,223.1199951171875,223.5,223.0800018310547,223.47000122070312,265821
2024-08-02 10:41:00-04:00,223.4499969482422,223.48500061035156,222.60000610351562,222.81500244140625,298950
2024-08-02 10:42:00-04:00,222.82000732421875,223.49960327148438,222.7100067138672,223.39999389648438,245212
2024-08-02 10:43:00-04:00,223.40499877929688,223.5,222.88999938964844,223.0,175246
2024-08-02 10:44:00-04:00,223.0500030517578,223.5,222.95030212402344,223.3699951171875,149868
2024-08-02 10:45:00-04:00,223.39999389648438,223.79989624023438,223.2100067138672,223.77999877929688,1132132
2024-08-02 10:46:00-04:00,223.77999877929688,223.99000549316406,223.72439575195312,223.72439575195312,1640485
2024-08-02 10:47:00-04:00,223.7180938720703,223.92999267578125,223.58999633789062,223.8179931640625,250809
2024-08-02 10:48:00-04:00,223.8300018310547,224.0800018310547,223.66250610351562,223.99000549316406,336571
2024-08-02 10:49:00-04:00,223.95269775390625,224.24000549316406,223.77999877929688,224.22999572753906,268426
2024-08-02 10:50:00-04:00,224.23199462890625,224.37989807128906,224.1199951171875,224.13499450683594,332513
2024-08-02 10:51:00-04:00,224.14990234375,224.14990234375,223.6199951171875,223.8800048828125,225016
2024-08-02 10:52:00-04:00,223.8800048828125,223.94459533691406,223.66000366210938,223.74000549316406,169766
2024-08-02 10:53:00-04:00,223.75,224.17230224609375,223.75,223.92999267578125,199843
2024-08-02 10:54:00-04:00,223.94000244140625,224.1999969482422,223.77999877929688,223.91220092773438,224816
2024-08-02 10:55:00-04:00,223.9250030517578,224.19000244140625,223.77499389648438,223.7949981689453,157559
2024-08-02 10:56:00-04:00,223.78500366210938,223.9066925048828,223.22999572753906,223.67100524902344,258188
2024-08-02 10:57:00-04:00,223.66000366210938,223.6999969482422,223.0500030517578,223.10069274902344,209563
2024-08-02 10:58:00-04:00,223.1186981201172,223.19000244140625,222.7100067138672,223.1300048828125,275888
2024-08-02 10:59:00-04:00,223.13999938964844,223.25999450683594,222.35569763183594,222.39999389648438,227617
2024-08-02 11:00:00-04:00,222.41000366210938,222.57000732421875,222.24000549316406,222.4600067138672,189853
2024-08-02 11:01:00-04:00,222.4600067138672,223.0500030517578,222.4600067138672,222.6199951171875,176892
2024-08-02 11:02:00-04:00,222.66000366210938,222.77999877929688,222.25,222.74249267578125,180204
2024-08-02 11:03:00-04:00,222.72999572753906,223.1699981689453,222.5,223.1300048828125,185002
2024-08-02 11:04:00-04:00,223.1699981689453,223.22000122070312,222.85000610351562,222.9600067138672,175371
2024-08-02 11:05:00-04:00,223.0283966064453,223.13499450683594,222.5,222.52049255371094,196848
2024-08-02 11:06:00-04:00,222.57000732421875,222.9456024169922,222.5,222.77499389648438,132213
2024-08-02 11:07:00-04:00,222.77000427246094,222.8300018310547,222.47259521484375,222.5471954345703,184312
2024-08-02 11:08:00-04:00,222.52000427246094,222.67999267578125,221.97000122070312,221.99000549316406,234326
2024-08-02 11:09:00-04:00,221.97000122070312,222.57000732421875,221.75999450683594,222.4199981689453,227664
2024-08-02 11:10:00-04:00,222.4600067138672,222.5399932861328,221.9499969482422,222.49000549316406,272160
2024-08-02 11:11:00-04:00,222.5050048828125,223.0399932861328,222.3800048828125,222.50999450683594,350112
2024-08-02 11:12:00-04:00,222.50999450683594,222.66510009765625,222.19000244140625,222.5406951904297,159632
2024-08-02 11:13:00-04:00,222.5399932861328,222.6199951171875,222.17999267578125,222.32000732421875,108372
2024-08-02 11:14:00-04:00,222.32000732421875,222.64999389648438,222.2100067138672,222.4250030517578,134419
2024-08-02 11:15:00-04:00,222.42999267578125,222.8699951171875,222.42999267578125,222.77000427246094,138597
2024-08-02 11:16:00-04:00,222.72999572753906,222.92990112304688,222.50990295410156,222.8249969482422,140297
2024-08-02 11:17:00-04:00,222.80999755859375,223.39999389648438,222.8000946044922,223.3300018310547,193431
2024-08-02 11:18:00-04:00,223.35000610351562,223.39999389648438,223.16000366210938,223.2899932861328,164413
2024-08-02 11:19:00-04:00,223.27999877929688,223.3000030517578,223.0500030517578,223.0601043701172,141027
2024-08-02 11:20:00-04:00,223.07589721679688,223.3300018310547,222.5500030517578,222.97999572753906,204174
2024-08-02 11:21:00-04:00,222.9600067138672,223.0800018310547,222.52000427246094,222.97999572753906,181798
2024-08-02 11:22:00-04:00,222.9835968017578,223.13619995117188,222.75,222.9600067138672,124485
2024-08-02 11:23:00-04:00,222.9499969482422,223.4499969482422,222.86000061035156,223.3000030517578,156574
2024-08-02 11:24:00-04:00,223.31500244140625,223.60000610351562,223.24949645996094,223.57000732421875,149316
2024-08-02 11:25:00-04:00,223.57000732421875,223.6699981689453,223.27000427246094,223.2899932861328,189337
2024-08-02 11:26:00-04:00,223.28500366210938,223.47999572753906,223.0200958251953,223.0500030517578,121698
2024-08-02 11:27:00-04:00,223.06080627441406,223.27000427246094,223.02000427246094,223.1300048828125,94411
2024-08-02 11:28:00-04:00,223.125,223.4600067138672,222.99000549316406,223.2899932861328,181786
2024-08-02 11:29:00-04:00,223.32000732421875,223.3300018310547,222.63999938964844,222.8300018310547,127045
2024-08-02 11:30:00-04:00,222.86000061035156,222.93490600585938,222.4600067138672,222.90989685058594,153603
2024-08-02 11:31:00-04:00,222.8769989013672,222.9499969482422,222.61000061035156,222.77999877929688,116891
2024-08-02 11:32:00-04:00,222.75999450683594,222.7899932861328,222.52000427246094,222.6999969482422,118894
2024-08-02 11:33:00-04:00,222.71800231933594,222.81100463867188,222.4199981689453,222.4199981689453,132277
2024-08-02 11:34:00-04:00,222.4199981689453,222.6999969482422,222.13999938964844,222.55999755859375,229321
2024-08-02 11:35:00-04:00,222.52000427246094,222.55999755859375,222.22999572753906,222.4250030517578,645525
2024-08-02 11:36:00-04:00,222.4250030517578,222.89999389648438,222.35989379882812,222.35989379882812,163149
2024-08-02 11:37:00-04:00,222.35000610351562,222.75999450683594,222.30999755859375,222.5399932861328,251406
2024-08-02 11:38:00-04:00,222.54989624023438,222.7899932861328,222.2899932861328,222.58999633789062,176065
2024-08-02 11:39:00-04:00,222.5803985595703,222.77999877929688,222.52000427246094,222.60009765625,105386
2024-08-02 11:40:00-04:00,222.6300048828125,222.74000549316406,222.41990661621094,222.41990661621094,137448
2024-08-02 11:41:00-04:00,222.42999267578125,222.5500030517578,222.10000610351562,222.1300048828125,125520
2024-08-02 11:42:00-04:00,222.1199951171875,222.14999389648438,221.4199981689453,221.60000610351562,325826
2024-08-02 11:43:00-04:00,221.57000732421875,222.72000122070312,221.5399932861328,222.66000366210938,162272
2024-08-02 11:44:00-04:00,222.66000366210938,222.72999572753906,222.32009887695312,222.66000366210938,118586
2024-08-02 11:45:00-04:00,222.64999389648438,222.86000061035156,222.49000549316406,222.77000427246094,130989
2024-08-02 11:46:00-04:00,222.8000030517578,223.25990295410156,222.5,222.74000549316406,258322
2024-08-02 11:47:00-04:00,222.72000122070312,222.80999755859375,222.61000061035156,222.6300048828125,91090
2024-08-02 11:48:00-04:00,222.63999938964844,222.83999633789062,222.25,222.74000549316406,162843
2024-08-02 11:49:00-04:00,222.74000549316406,223.01400756835938,222.67999267578125,222.89999389648438,97408
2024-08-02 11:50:00-04:00,222.88999938964844,223.02000427246094,222.77000427246094,222.77000427246094,140561
2024-08-02 11:51:00-04:00,222.8000030517578,222.8000030517578,222.5543975830078,222.74169921875,80560
2024-08-02 11:52:00-04:00,222.72999572753906,222.9199981689453,222.6199951171875,222.91000366210938,64540
2024-08-02 11:53:00-04:00,222.91000366210938,223.0198974609375,222.80999755859375,222.83999633789062,85817
2024-08-02 11:54:00-04:00,222.82000732421875,222.88999938964844,222.58999633789062,222.6678009033203,72710
2024-08-02 11:55:00-04:00,222.6699981689453,222.9499969482422,222.49000549316406,222.83999633789062,109913
2024-08-02 11:56:00-04:00,222.85000610351562,223.1699981689453,222.81500244140625,223.13279724121094,147341
2024-08-02 11:57:00-04:00,223.15499877929688,223.44000244140625,223.13999938964844,223.44000244140625,145988
2024-08-02 11:58:00-04:00,223.44630432128906,223.4499969482422,223.22999572753906,223.3300018310547,101997
2024-08-02 11:59:00-04:00,223.27999877929688,223.3300018310547,223.0,223.2050018310547,80234
2024-08-02 12:00:00-04:00,223.2050018310547,223.4199981689453,223.08999633789062,223.30999755859375,72631
2024-08-02 12:01:00-04:00,223.32000732421875,223.41000366210938,223.1649932861328,223.3000030517578,103171
2024-08-02 12:02:00-04:00,223.35989379882812,223.35989379882812,223.13999938964844,223.1999053955078,85172
2024-08-02 12:03:00-04:00,223.1699981689453,223.49000549316406,223.0,223.3300018310547,117987
2024-08-02 12:04:00-04:00,223.3800048828125,223.8300018310547,223.36000061035156,223.77499389648438,132216
2024-08-02 12:05:00-04:00,223.75509643554688,223.9199981689453,223.625,223.91000366210938,112381
2024-08-02 12:06:00-04:00,223.89999389648438,223.97999572753906,223.6800994873047,223.83999633789062,114738
2024-08-02 12:07:00-04:00,223.85000610351562,223.9499969482422,223.69500732421875,223.8070068359375,98987
2024-08-02 12:08:00-04:00,223.80999755859375,223.85000610351562,223.6199951171875,223.77000427246094,126013
2024-08-02 12:09:00-04:00,223.75999450683594,223.75999450683594,223.3800048828125,223.49000549316406,122974
2024-08-02 12:10:00-04:00,223.52999877929688,223.58009338378906,223.00999450683594,223.00999450683594,113102
2024-08-02 12:11:00-04:00,223.0399932861328,223.14500427246094,222.72999572753906,223.02000427246094,150883
2024-08-02 12:12:00-04:00,223.02000427246094,223.32000732421875,222.92999267578125,222.9499969482422,99034
2024-08-02 12:13:00-04:00,222.9709014892578,223.1199951171875,222.82000732421875,222.9499969482422,112544
2024-08-02 12:14:00-04:00,222.94000244140625,223.17999267578125,222.88999938964844,222.90499877929688,163472
2024-08-02 12:15:00-04:00,222.9199981689453,223.24000549316406,222.8699951171875,223.1699981689453,107215
2024-08-02 12:16:00-04:00,223.1699981689453,223.22999572753906,222.8000030517578,222.9949951171875,179958
2024-08-02 12:17:00-04:00,222.97999572753906,223.3800048828125,222.97000122070312,223.2799072265625,110495
2024-08-02 12:18:00-04:00,223.2653045654297,223.33999633789062,223.14999389648438,223.25,83564
2024-08-02 12:19:00-04:00,223.2480010986328,223.5800018310547,223.1199951171875,223.55499267578125,122000
2024-08-02 12:20:00-04:00,223.5800018310547,223.8800048828125,223.5800018310547,223.8773956298828,117265
2024-08-02 12:21:00-04:00,223.8699951171875,224.1699981689453,223.85000610351562,224.1291046142578,313369
2024-08-02 12:22:00-04:00,224.13999938964844,224.16000366210938,223.9149932861328,224.0500030517578,112631
2024-08-02 12:23:00-04:00,224.0500946044922,224.33999633789062,223.875,224.1999053955078,212971
2024-08-02 12:24:00-04:00,224.17999267578125,224.39999389648438,224.0,224.00010681152344,357466
2024-08-02 12:25:00-04:00,224.0198974609375,224.1840057373047,223.7700958251953,224.1750030517578,157065
2024-08-02 12:26:00-04:00,224.17999267578125,224.19129943847656,223.77000427246094,224.19000244140625,125580
2024-08-02 12:27:00-04:00,224.1300048828125,224.30999755859375,223.9499969482422,224.25999450683594,109944
2024-08-02 12:28:00-04:00,224.27000427246094,224.72000122070312,224.27000427246094,224.70379638671875,329938
2024-08-02 12:29:00-04:00,224.69000244140625,224.69000244140625,224.52999877929688,224.6199951171875,201196
2024-08-02 12:30:00-04:00,224.61500549316406,224.77000427246094,224.52499389648438,224.6719970703125,155324
2024-08-02 12:31:00-04:00,224.6750030517578,224.74989318847656,224.52000427246094,224.55999755859375,198898
2024-08-02 12:32:00-04:00,224.5500030517578,224.8800048828125,224.5500030517578,224.8300018310547,153156
2024-08-02 12:33:00-04:00,224.81460571289062,224.91000366210938,224.72999572753906,224.83999633789062,130301
2024-08-02 12:34:00-04:00,224.86000061035156,224.99000549316406,224.76499938964844,224.7801055908203,139179
2024-08-02 12:35:00-04:00,224.78500366210938,224.8000030517578,224.61000061035156,224.7100067138672,113563
2024-08-02 12:36:00-04:00,224.66000366210938,224.79989624023438,224.55999755859375,224.6988067626953,111913
2024-08-02 12:37:00-04:00,224.69000244140625,224.83999633789062,224.55999755859375,224.81739807128906,83540
2024-08-02 12:38:00-04:00,224.81500244140625,224.8699951171875,224.6199951171875,224.79379272460938,127790
2024-08-02 12:39:00-04:00,224.80270385742188,224.92999267578125,224.7550048828125,224.82000732421875,85595
2024-08-02 12:40:00-04:00,224.8000030517578,225.38999938964844,224.76499938964844,225.3800048828125,429167
2024-08-02 12:41:00-04:00,225.36399841308594,225.5399932861328,225.24029541015625,225.25030517578125,205082
2024-08-02 12:42:00-04:00,225.27999877929688,225.60000610351562,225.20899963378906,225.289306640625,189464
2024-08-02 12:43:00-04:00,225.302001953125,225.3800048828125,225.05999755859375,225.3105010986328,133586
2024-08-02 12:44:00-04:00,225.30999755859375,225.375,224.86000061035156,224.98280334472656,167348
2024-08-02 12:45:00-04:00,224.94000244140625,225.03939819335938,224.64999389648438,224.75,118593
2024-08-02 12:46:00-04:00,224.77000427246094,224.86500549316406,224.6781005859375,224.8000030517578,91007
2024-08-02 12:47:00-04:00,224.8000030517578,224.88999938964844,224.6663055419922,224.72999572753906,83638
2024-08-02 12:48:00-04:00,224.75,224.9197998046875,224.65530395507812,224.75999450683594,96044
2024-08-02 12:49:00-04:00,224.74000549316406,224.8699951171875,224.64999389648438,224.67039489746094,63399
2024-08-02 12:50:00-04:00,224.64999389648438,224.67999267578125,223.60000610351562,224.3699951171875,349363
2024-08-02 12:51:00-04:00,224.375,224.49000549316406,224.0930938720703,224.10000610351562,125556
2024-08-02 12:52:00-04:00,224.0800018310547,224.13999938964844,223.7375946044922,223.78550720214844,164962
2024-08-02 12:53:00-04:00,223.78500366210938,223.8800048828125,223.4600067138672,223.5709991455078,167824
2024-08-02 12:54:00-04:00,223.57000732421875,223.82760620117188,223.4499969482422,223.66000366210938,130510
2024-08-02 12:55:00-04:00,223.64999389648438,223.8699951171875,223.52999877929688,223.86000061035156,130927
2024-08-02 12:56:00-04:00,223.83999633789062,223.85000610351562,223.60000610351562,223.64999389648438,77638
2024-08-02 12:57:00-04:00,223.61000061035156,224.0800018310547,223.60000610351562,224.02670288085938,99644
2024-08-02 12:58:00-04:00,224.0399932861328,224.2082061767578,223.9250030517578,224.02200317382812,95809
2024-08-02 12:59:00-04:00,224.00999450683594,224.30999755859375,223.88999938964844,224.23500061035156,96226
2024-08-02 13:00:00-04:00,224.21499633789062,224.58990478515625,224.1999969482422,224.4499969482422,128698
2024-08-02 13:01:00-04:00,224.4499969482422,224.61990356445312,224.13999938964844,224.38499450683594,132742
2024-08-02 13:02:00-04:00,224.38999938964844,224.60000610351562,224.36000061035156,224.5500030517578,137933
2024-08-02 13:03:00-04:00,224.52130126953125,224.6750030517578,224.4250030517578,224.50999450683594,130148
2024-08-02 13:04:00-04:00,224.47999572753906,224.75999450683594,224.41000366210938,224.69000244140625,122520
2024-08-02 13:05:00-04:00,224.70559692382812,224.88999938964844,224.66000366210938,224.6999969482422,115571
2024-08-02 13:06:00-04:00,224.67999267578125,224.9499969482422,224.61000061035156,224.710693359375,107276
2024-08-02 13:07:00-04:00,224.72999572753906,224.90899658203125,224.60000610351562,224.69000244140625,75910
2024-08-02 13:08:00-04:00,224.69590759277344,224.75999450683594,224.6383056640625,224.69000244140625,54038
2024-08-02 13:09:00-04:00,224.7050018310547,224.9250030517578,224.6999969482422,224.77000427246094,70568
2024-08-02 13:10:00-04:00,224.75999450683594,224.77000427246094,224.55999755859375,224.6300048828125,93315
2024-08-02 13:11:00-04:00,224.66000366210938,224.72000122070312,224.5,224.5850067138672,96618
2024-08-02 13:12:00-04:00,224.5749969482422,224.82000732421875,224.49000549316406,224.76010131835938,78443
2024-08-02 13:13:00-04:00,224.77999877929688,224.9499969482422,224.69000244140625,224.89999389648438,109825
2024-08-02 13:14:00-04:00,224.94500732421875,224.9499969482422,224.75999450683594,224.82000732421875,121496
2024-08-02 13:15:00-04:00,224.8300018310547,225.07000732421875,224.75,225.02499389648438,160051
2024-08-02 13:16:00-04:00,225.02740478515625,225.07000732421875,224.88999938964844,224.98500061035156,112441
2024-08-02 13:17:00-04:00,224.99000549316406,225.11680603027344,224.902099609375,225.10000610351562,86464
2024-08-02 13:18:00-04:00,225.10000610351562,225.11000061035156,224.88999938964844,225.0,88921
2024-08-02 13:19:00-04:00,225.00999450683594,225.07940673828125,224.81809997558594,225.02499389648438,88296
2024-08-02 13:20:00-04:00,224.9801025390625,225.0500030517578,224.9199981689453,225.02999877929688,79030
2024-08-02 13:21:00-04:00,225.0,225.03500366210938,224.6999969482422,225.0294952392578,120853
2024-08-02 13:22:00-04:00,225.01939392089844,225.0493927001953,224.8000030517578,224.91000366210938,80508
2024-08-02 13:23:00-04:00,224.9499969482422,224.97000122070312,224.75999450683594,224.94000244140625,61961
2024-08-02 13:24:00-04:00,224.92999267578125,225.0500030517578,224.9199981689453,225.02999877929688,162669
2024-08-02 13:25:00-04:00,225.00999450683594,225.27000427246094,224.9499969482422,225.1750030517578,177787
2024-08-02 13:26:00-04:00,225.17999267578125,225.19000244140625,224.9499969482422,225.0399932861328,68906
2024-08-02 13:27:00-04:00,225.03500366210938,225.13999938964844,224.75999450683594,224.7949981689453,105759
2024-08-02 13:28:00-04:00,224.82000732421875,224.83999633789062,224.6300048828125,224.76499938964844,123508
2024-08-02 13:29:00-04:00,224.76409912109375,224.7899932861328,224.5135955810547,224.63999938964844,79852
2024-08-02 13:30:00-04:00,224.6300048828125,224.8249969482422,224.5207061767578,224.82000732421875,85302
2024-08-02 13:31:00-04:00,224.83999633789062,225.0050048828125,224.71499633789062,224.99000549316406,139137
2024-08-02 13:32:00-04:00,224.99000549316406,224.99000549316406,224.75999450683594,224.85000610351562,102555
2024-08-02 13:33:00-04:00,224.85000610351562,224.99000549316406,224.67080688476562,224.6999969482422,761118
2024-08-02 13:34:00-04:00,224.74000549316406,224.89999389648438,224.6300048828125,224.82000732421875,80858
2024-08-02 13:35:00-04:00,224.8249969482422,224.9149932861328,224.75,224.88999938964844,63109
2024-08-02 13:36:00-04:00,224.89999389648438,224.9600067138672,224.7899932861328,224.91000366210938,105044
2024-08-02 13:37:00-04:00,224.8800048828125,224.91000366210938,224.64999389648438,224.77999877929688,71924
2024-08-02 13:38:00-04:00,224.72999572753906,224.88499450683594,224.7259979248047,224.7899932861328,54795
2024-08-02 13:39:00-04:00,224.80999755859375,224.8699951171875,224.7100067138672,224.8000030517578,49955
2024-08-02 13:40:00-04:00,224.80999755859375,224.84060668945312,224.63999938964844,224.72999572753906,96278
2024-08-02 13:41:00-04:00,224.69000244140625,224.6999969482422,224.35000610351562,224.51499938964844,168721
2024-08-02 13:42:00-04:00,224.51820373535156,224.83999633789062,224.42999267578125,224.80999755859375,110935
2024-08-02 13:43:00-04:00,224.8000030517578,224.83999633789062,224.67999267578125,224.7100067138672,71235
2024-08-02 13:44:00-04:00,224.71499633789062,224.84500122070312,224.71499633789062,224.8300018310547,82150
2024-08-02 13:45:00-04:00,224.81500244140625,224.99000549316406,224.8000030517578,224.84500122070312,140107
2024-08-02 13:46:00-04:00,224.86000061035156,224.8968963623047,224.77000427246094,224.81500244140625,23684
2024-08-02 13:47:00-04:00,223.9149932861328,223.99000549316406,223.89999389648438,223.9001007080078,393451
2024-08-02 13:48:00-04:00,223.89999389648438,223.9499969482422,223.66250610351562,223.73500061035156,135900
2024-08-02 13:49:00-04:00,223.72000122070312,223.79989624023438,223.4700927734375,223.5,125976
2024-08-02 13:50:00-04:00,223.50010681152344,223.69900512695312,223.30999755859375,223.5050048828125,168966
2024-08-02 13:51:00-04:00,223.49000549316406,223.8000030517578,223.47999572753906,223.61000061035156,149397
2024-08-02 13:52:00-04:00,223.5919952392578,223.88999938964844,223.5500030517578,223.84500122070312,102240
2024-08-02 13:53:00-04:00,223.86000061035156,223.88999938964844,223.6999969482422,223.83999633789062,65079
2024-08-02 13:54:00-04:00,223.82000732421875,223.97000122070312,223.62049865722656,223.66769409179688,108947
2024-08-02 13:55:00-04:00,223.6999969482422,223.95120239257812,223.6824951171875,223.75,79737
2024-08-02 13:56:00-04:00,223.75,223.8699951171875,223.718994140625,223.75999450683594,68409
2024-08-02 13:57:00-04:00,223.77000427246094,224.0500030517578,223.76649475097656,224.02999877929688,98214
2024-08-02 13:58:00-04:00,224.0399932861328,224.1199951171875,223.9600067138672,224.00650024414062,101120
2024-08-02 13:59:00-04:00,224.02999877929688,224.19000244140625,223.86000061035156,224.19000244140625,95648
2024-08-02 14:00:00-04:00,224.2100067138672,224.22219848632812,223.9600067138672,224.1199951171875,67821
2024-08-02 14:01:00-04:00,224.10000610351562,224.2100067138672,223.99000549316406,224.0399932861328,70942
2024-08-02 14:02:00-04:00,224.00619506835938,224.1699981689453,223.94000244140625,224.0800018310547,110332
2024-08-02 14:03:00-04:00,224.07000732421875,224.2198944091797,223.89999389648438,223.91000366210938,106430
2024-08-02 14:04:00-04:00,223.9199981689453,223.99000549316406,223.4199981689453,223.4600067138672,118159
2024-08-02 14:05:00-04:00,223.4300994873047,223.47000122070312,223.2100067138672,223.3699951171875,137113
2024-08-02 14:06:00-04:00,223.36000061035156,223.37989807128906,223.15879821777344,223.1699981689453,118300
2024-08-02 14:07:00-04:00,223.16000366210938,223.42999267578125,223.07000732421875,223.42999267578125,121537
2024-08-02 14:08:00-04:00,223.42999267578125,223.6300048828125,223.11050415039062,223.2100067138672,91080
2024-08-02 14:09:00-04:00,223.2100067138672,223.32000732421875,223.07000732421875,223.10499572753906,111741
2024-08-02 14:10:00-04:00,223.10499572753906,223.17999267578125,223.00999450683594,223.05990600585938,89409
2024-08-02 14:11:00-04:00,223.02200317382812,223.1300048828125,222.8300018310547,223.11940002441406,169298
2024-08-02 14:12:00-04:00,223.1300048828125,223.22000122070312,223.0,223.19009399414062,115950
2024-08-02 14:13:00-04:00,223.2100067138672,223.22999572753906,222.64599609375,222.66990661621094,153892
2024-08-02 14:14:00-04:00,222.6999053955078,222.75999450683594,222.57000732421875,222.6999969482422,127041
2024-08-02 14:15:00-04:00,222.68499755859375,222.69000244140625,222.22999572753906,222.2698974609375,187440
2024-08-02 14:16:00-04:00,222.25,222.30499267578125,222.07020568847656,222.1300048828125,177820
2024-08-02 14:17:00-04:00,222.1300048828125,222.27000427246094,222.0800018310547,222.27000427246094,171608
2024-08-02 14:18:00-04:00,222.27999877929688,222.27999877929688,221.91000366210938,222.05999755859375,169871
2024-08-02 14:19:00-04:00,222.05499267578125,222.32000732421875,221.99000549316406,222.32000732421875,105255
2024-08-02 14:20:00-04:00,222.33999633789062,222.33999633789062,222.17999267578125,222.25999450683594,82735
2024-08-02 14:21:00-04:00,222.25999450683594,222.88999938964844,222.24000549316406,222.56500244140625,163798
2024-08-02 14:22:00-04:00,222.50999450683594,222.72000122070312,222.45750427246094,222.7100067138672,107816
2024-08-02 14:23:00-04:00,222.69520568847656,222.75,222.4600067138672,222.47500610351562,117716
2024-08-02 14:24:00-04:00,222.47669982910156,222.61000061035156,222.36000061035156,222.61000061035156,96223
2024-08-02 14:25:00-04:00,222.61500549316406,222.88999938964844,222.52029418945312,222.8350067138672,91824
2024-08-02 14:26:00-04:00,222.80999755859375,222.885498046875,222.6199951171875,222.7899932861328,181516
2024-08-02 14:27:00-04:00,222.72000122070312,223.08999633789062,222.6699981689453,223.0500030517578,104695
2024-08-02 14:28:00-04:00,223.05999755859375,223.25999450683594,222.98500061035156,223.17100524902344,112039
2024-08-02 14:29:00-04:00,223.18499755859375,223.43499755859375,223.1199951171875,223.43499755859375,70051
2024-08-02 14:30:00-04:00,223.4199981689453,223.6999969482422,223.19000244140625,223.6739959716797,132964
2024-08-02 14:31:00-04:00,223.69000244140625,224.0,223.6300048828125,223.875,238676
2024-08-02 14:32:00-04:00,223.83999633789062,224.10000610351562,223.81500244140625,223.9600067138672,145771
2024-08-02 14:33:00-04:00,223.91000366210938,223.95989990234375,223.6199951171875,223.6656951904297,113724
2024-08-02 14:34:00-04:00,223.67999267578125,223.8800048828125,223.63499450683594,223.86500549316406,65628
2024-08-02 14:35:00-04:00,223.85000610351562,223.89999389648438,223.55630493164062,223.6999969482422,107686
2024-08-02 14:36:00-04:00,223.7427978515625,223.85000610351562,223.6300048828125,223.7550048828125,76003
2024-08-02 14:37:00-04:00,223.77999877929688,223.92999267578125,223.72000122070312,223.82000732421875,68113
2024-08-02 14:38:00-04:00,223.80099487304688,223.8699951171875,223.66000366210938,223.77000427246094,63774
2024-08-02 14:39:00-04:00,223.76499938964844,223.8800048828125,223.69000244140625,223.77999877929688,93052
2024-08-02 14:40:00-04:00,223.7899932861328,223.86000061035156,223.6999969482422,223.75999450683594,85609
2024-08-02 14:41:00-04:00,223.74000549316406,223.8000030517578,223.4499969482422,223.4499969482422,81458
2024-08-02 14:42:00-04:00,223.4199981689453,223.65499877929688,223.3800048828125,223.65499877929688,99292
2024-08-02 14:43:00-04:00,223.60369873046875,223.90890502929688,223.4199981689453,223.8800048828125,107563
2024-08-02 14:44:00-04:00,223.85000610351562,223.8769989013672,223.60000610351562,223.6300048828125,104662
2024-08-02 14:45:00-04:00,223.56430053710938,223.7135009765625,223.4499969482422,223.55999755859375,107320
2024-08-02 14:46:00-04:00,223.57000732421875,223.77999877929688,223.5500030517578,223.6199951171875,111887
2024-08-02 14:47:00-04:00,223.6300048828125,223.89999389648438,223.6300048828125,223.85000610351562,89991
2024-08-02 14:48:00-04:00,223.8800048828125,224.0,223.74000549316406,223.7490997314453,116113
2024-08-02 14:49:00-04:00,223.71009826660156,223.8300018310547,223.64419555664062,223.75,50894
2024-08-02 14:50:00-04:00,223.77999877929688,223.88980102539062,223.60000610351562,223.69000244140625,67297
2024-08-02 14:51:00-04:00,223.6739959716797,223.8000030517578,223.64999389648438,223.75259399414062,54323
2024-08-02 14:52:00-04:00,223.75,223.86000061035156,223.64999389648438,223.7899932861328,65604
2024-08-02 14:53:00-04:00,223.8000030517578,223.8000030517578,223.60069274902344,223.6282958984375,60758
2024-08-02 14:54:00-04:00,223.64999389648438,223.72999572753906,223.38160705566406,223.4550018310547,97499
2024-08-02 14:55:00-04:00,223.44000244140625,223.72999572753906,223.4199981689453,223.5845947265625,80573
2024-08-02 14:56:00-04:00,223.57000732421875,223.57000732421875,222.8372039794922,223.07000732421875,122919
2024-08-02 14:57:00-04:00,223.05990600585938,223.05990600585938,222.83999633789062,222.85000610351562,85231
2024-08-02 14:58:00-04:00,222.8699951171875,223.02999877929688,222.80999755859375,223.02999877929688,62116
2024-08-02 14:59:00-04:00,223.02000427246094,223.02999877929688,222.6300048828125,222.6999969482422,149431
2024-08-02 15:00:00-04:00,222.6999969482422,223.0399932861328,222.6999969482422,222.90260314941406,117387
2024-08-02 15:01:00-04:00,222.90499877929688,223.24000549316406,222.77999877929688,223.24000549316406,68736
2024-08-02 15:02:00-04:00,223.2198944091797,223.3699951171875,223.02999877929688,223.29010009765625,88052
2024-08-02 15:03:00-04:00,223.3000030517578,223.3300018310547,223.17999267578125,223.281005859375,60827
2024-08-02 15:04:00-04:00,223.25999450683594,223.25999450683594,222.9149932861328,222.9300994873047,78557
2024-08-02 15:05:00-04:00,222.91000366210938,222.9149932861328,222.56500244140625,222.60000610351562,98608
2024-08-02 15:06:00-04:00,222.60499572753906,222.61000061035156,222.1699981689453,222.1999969482422,194841
2024-08-02 15:07:00-04:00,222.19000244140625,222.61000061035156,222.11500549316406,222.5500030517578,152713
2024-08-02 15:08:00-04:00,222.5800018310547,222.6649932861328,222.42999267578125,222.6649932861328,119274
2024-08-02 15:09:00-04:00,222.6999969482422,223.0699005126953,222.6732940673828,222.96499633789062,165589
2024-08-02 15:10:00-04:00,222.9600067138672,223.02999877929688,222.55999755859375,222.58999633789062,166127
2024-08-02 15:11:00-04:00,222.5800018310547,222.7899932861328,222.5800018310547,222.77000427246094,73818
2024-08-02 15:12:00-04:00,222.75,222.85989379882812,222.625,222.64999389648438,93155
2024-08-02 15:13:00-04:00,222.64999389648438,223.0,222.58999633789062,222.85000610351562,106577
2024-08-02 15:14:00-04:00,222.85589599609375,223.0500030517578,222.85589599609375,222.89999389648438,118920
2024-08-02 15:15:00-04:00,222.88999938964844,222.92999267578125,222.64999389648438,222.77999877929688,92580
2024-08-02 15:16:00-04:00,222.768798828125,222.9199981689453,222.61000061035156,222.8800048828125,67301
2024-08-02 15:17:00-04:00,222.88999938964844,222.9149932861328,222.4499969482422,222.4656982421875,90686
2024-08-02 15:18:00-04:00,222.4698944091797,222.68499755859375,222.3927001953125,222.67999267578125,85150
2024-08-02 15:19:00-04:00,222.69000244140625,222.8800048828125,222.5,222.52000427246094,92259
2024-08-02 15:20:00-04:00,222.52000427246094,222.64999389648438,222.3300018310547,222.35699462890625,87976
2024-08-02 15:21:00-04:00,222.35000610351562,222.47000122070312,222.22999572753906,222.2899932861328,107511
2024-08-02 15:22:00-04:00,222.2899932861328,222.30999755859375,222.11000061035156,222.16990661621094,228772
2024-08-02 15:23:00-04:00,222.14999389648438,222.58999633789062,222.13999938964844,222.58999633789062,131764
2024-08-02 15:24:00-04:00,222.60000610351562,222.69000244140625,222.2545928955078,222.52999877929688,187953
2024-08-02 15:25:00-04:00,222.52999877929688,222.5800018310547,222.4199981689453,222.42999267578125,114373
2024-08-02 15:26:00-04:00,222.43499755859375,222.9613037109375,222.33999633789062,222.92999267578125,187504
2024-08-02 15:27:00-04:00,222.9499969482422,223.0,222.7449951171875,222.97000122070312,154559
2024-08-02 15:28:00-04:00,222.94859313964844,223.17999267578125,222.94859313964844,223.06239318847656,149739
2024-08-02 15:29:00-04:00,223.0500030517578,223.0800018310547,222.47999572753906,222.6199951171875,139928
2024-08-02 15:30:00-04:00,222.6300048828125,222.98829650878906,222.5500030517578,222.61000061035156,151888
2024-08-02 15:31:00-04:00,222.60000610351562,222.72999572753906,222.35499572753906,222.625,169837
2024-08-02 15:32:00-04:00,222.61000061035156,222.66000366210938,222.3721923828125,222.55130004882812,155728
2024-08-02 15:33:00-04:00,222.55999755859375,222.86000061035156,222.5500030517578,222.75,188845
2024-08-02 15:34:00-04:00,222.73500061035156,222.74000549316406,222.33999633789062,222.4199981689453,152911
2024-08-02 15:35:00-04:00,222.39500427246094,222.39999389648438,222.1300048828125,222.3300018310547,175207
2024-08-02 15:36:00-04:00,222.32000732421875,222.3300018310547,221.860107421875,222.0758056640625,202452
2024-08-02 15:37:00-04:00,222.0749969482422,222.08999633789062,221.7449951171875,221.77999877929688,162641
2024-08-02 15:38:00-04:00,221.77000427246094,221.7899932861328,221.3300018310547,221.4149932861328,211930
2024-08-02 15:39:00-04:00,221.42990112304688,221.61000061035156,221.20010375976562,221.24000549316406,192892
2024-08-02 15:40:00-04:00,221.22000122070312,221.22000122070312,220.89999389648438,220.9550018310547,298427
2024-08-02 15:41:00-04:00,220.94000244140625,221.11990356445312,220.8699951171875,220.99000549316406,205243
2024-08-02 15:42:00-04:00,220.97000122070312,221.5,220.97000122070312,221.0399932861328,256629
2024-08-02 15:43:00-04:00,221.02499389648438,221.6300048828125,221.01499938964844,221.4600067138672,241441
2024-08-02 15:44:00-04:00,221.4600067138672,222.07000732421875,221.4600067138672,222.0200958251953,270436
2024-08-02 15:45:00-04:00,222.02000427246094,222.02000427246094,221.55999755859375,221.7899932861328,252657
2024-08-02 15:46:00-04:00,221.78939819335938,222.24000549316406,221.77000427246094,221.84950256347656,236948
2024-08-02 15:47:00-04:00,221.82000732421875,221.8800048828125,221.52000427246094,221.68930053710938,220418
2024-08-02 15:48:00-04:00,221.66000366210938,221.97000122070312,221.6322021484375,221.88999938964844,240248
2024-08-02 15:49:00-04:00,221.8800048828125,221.89999389648438,221.1699981689453,221.17999267578125,235254
2024-08-02 15:50:00-04:00,221.13999938964844,221.25999450683594,220.64500427246094,220.78500366210938,332442
2024-08-02 15:51:00-04:00,220.8000030517578,220.8300018310547,219.77999877929688,219.88999938964844,521477
2024-08-02 15:52:00-04:00,219.889892578125,220.07000732421875,219.70089721679688,219.98989868164062,599897
2024-08-02 15:53:00-04:00,219.99000549316406,220.11000061035156,219.31500244140625,219.4199981689453,525744
2024-08-02 15:54:00-04:00,219.44000244140625,220.07000732421875,219.36000061035156,219.83999633789062,640652
2024-08-02 15:55:00-04:00,219.85000610351562,219.92999267578125,219.52000427246094,219.6699981689453,521594
2024-08-02 15:56:00-04:00,219.66000366210938,219.8699951171875,219.52999877929688,219.68499755859375,614986
2024-08-02 15:57:00-04:00,219.6999969482422,219.83999633789062,219.5,219.5500030517578,579836
2024-08-02 15:58:00-04:00,219.55999755859375,219.61000061035156,219.05999755859375,219.2899932861328,884815
2024-08-02 15:59:00-04:00,219.26820373535156,219.9499969482422,219.22000122070312,219.8000030517578,1599299
2024-08-05 09:30:00-04:00,199.13999938964844,199.13999938964844,196.2100067138672,197.66000366210938,13154967
2024-08-05 09:31:00-04:00,198.9499969482422,202.60000610351562,198.27999877929688,202.5399932861328,3177900
2024-08-05 09:32:00-04:00,202.56399536132812,204.75999450683594,202.50399780273438,204.35000610351562,1390428
2024-08-05 09:33:00-04:00,204.33999633789062,206.13999938964844,203.75,205.89999389648438,1255245
2024-08-05 09:34:00-04:00,205.89999389648438,206.77999877929688,205.00999450683594,205.61000061035156,915775
2024-08-05 09:35:00-04:00,205.68789672851562,206.94000244140625,204.19000244140625,204.7100067138672,761035
2024-08-05 09:36:00-04:00,204.67999267578125,206.13999938964844,204.58999633789062,205.9499969482422,616328
2024-08-05 09:37:00-04:00,205.97999572753906,208.00999450683594,205.9499969482422,207.9600067138672,806084
2024-08-05 09:38:00-04:00,207.95469665527344,208.0500030517578,206.83009338378906,207.74000549316406,1090060
2024-08-05 09:39:00-04:00,207.8000030517578,209.3000030517578,207.67999267578125,209.23500061035156,634724
2024-08-05 09:40:00-04:00,209.18499755859375,210.0,208.86940002441406,208.97999572753906,993499
2024-08-05 09:41:00-04:00,209.0,209.50999450683594,207.5449981689453,207.6699981689453,878502
2024-08-05 09:42:00-04:00,207.64500427246094,208.99000549316406,207.5,208.6199951171875,579552
2024-08-05 09:43:00-04:00,208.64999389648438,209.5800018310547,207.9199981689453,208.02000427246094,608393
2024-08-05 09:44:00-04:00,208.0323028564453,208.69000244140625,207.4407958984375,208.5500030517578,547275
2024-08-05 09:45:00-04:00,209.5,209.5,209.13499450683594,209.13999938964844,748525
2024-08-05 09:46:00-04:00,208.63999938964844,209.2100067138672,208.06280517578125,208.9149932861328,457955
2024-08-05 09:47:00-04:00,208.9250030517578,209.3800048828125,207.7100067138672,209.25599670410156,450287
2024-08-05 09:48:00-04:00,209.22999572753906,209.6083984375,208.9199981689453,209.57000732421875,342754
2024-08-05 09:49:00-04:00,209.5,211.11000061035156,209.5,210.7301025390625,783050
2024-08-05 09:50:00-04:00,210.7301025390625,210.8800048828125,208.53500366210938,209.38999938964844,715906
2024-08-05 09:51:00-04:00,209.3800048828125,209.75,208.42999267578125,208.9001007080078,611654
2024-08-05 09:52:00-04:00,208.91000366210938,209.42999267578125,208.5399932861328,209.3000030517578,393968
2024-08-05 09:53:00-04:00,209.30999755859375,209.30999755859375,207.56500244140625,208.32000732421875,614401
2024-08-05 09:54:00-04:00,208.25,208.4499969482422,207.21009826660156,207.21009826660156,464478
2024-08-05 09:55:00-04:00,207.2899932861328,208.57000732421875,207.1699981689453,208.05999755859375,451480
2024-08-05 09:56:00-04:00,208.0399932861328,208.49000549316406,207.4600067138672,208.37010192871094,335187
2024-08-05 09:57:00-04:00,208.38009643554688,208.94000244140625,208.010498046875,208.77999877929688,292482
2024-08-05 09:58:00-04:00,208.7100067138672,208.8000030517578,207.7100067138672,208.25880432128906,306169
2024-08-05 09:59:00-04:00,208.24000549316406,208.3699951171875,207.41000366210938,207.6300048828125,276654
2024-08-05 10:00:00-04:00,207.80999755859375,209.39999389648438,207.79010009765625,209.3800048828125,500788
2024-08-05 10:01:00-04:00,209.33999633789062,211.00999450683594,208.92999267578125,210.63999938964844,723311
2024-08-05 10:02:00-04:00,210.67999267578125,210.9199981689453,209.61000061035156,210.0,322673
2024-08-05 10:03:00-04:00,210.0,210.88999938964844,209.94000244140625,209.94000244140625,362185
2024-08-05 10:04:00-04:00,209.94000244140625,210.9199981689453,209.33999633789062,210.36000061035156,346847
2024-08-05 10:05:00-04:00,210.27999877929688,210.5,209.64999389648438,209.7949981689453,241488
2024-08-05 10:06:00-04:00,209.8000030517578,209.97000122070312,208.41000366210938,209.07000732421875,445494
2024-08-05 10:07:00-04:00,209.0850067138672,209.4499053955078,208.85000610351562,209.1199951171875,182709
2024-08-05 10:08:00-04:00,209.13499450683594,209.6199951171875,208.9199981689453,209.46800231933594,197707
2024-08-05 10:09:00-04:00,209.4199981689453,209.44500732421875,208.64999389648438,209.27499389648438,200301
2024-08-05 10:10:00-04:00,209.2899932861328,209.42999267578125,208.74000549316406,208.97000122070312,247233
2024-08-05 10:11:00-04:00,208.9709930419922,209.27000427246094,208.61000061035156,209.25,201326
2024-08-05 10:12:00-04:00,209.17999267578125,209.1999969482422,208.41000366210938,208.4199981689453,179546
2024-08-05 10:13:00-04:00,208.4499969482422,209.4250030517578,208.3699951171875,209.35000610351562,322484
2024-08-05 10:14:00-04:00,209.3300018310547,209.97000122070312,209.25,209.7899932861328,240529
2024-08-05 10:15:00-04:00,209.74000549316406,209.74000549316406,209.0500030517578,209.3300018310547,188714
2024-08-05 10:16:00-04:00,209.3000030517578,209.6999969482422,208.9600067138672,208.97000122070312,183722
2024-08-05 10:17:00-04:00,209.0198974609375,209.78990173339844,208.8000030517578,209.7864990234375,214325
2024-08-05 10:18:00-04:00,209.75,210.25999450683594,209.66000366210938,210.18499755859375,268488
2024-08-05 10:19:00-04:00,210.18099975585938,211.0,209.82000732421875,210.64999389648438,444491
2024-08-05 10:20:00-04:00,210.64500427246094,210.9499969482422,210.13999938964844,210.58999633789062,279503
2024-08-05 10:21:00-04:00,210.61000061035156,210.75999450683594,210.0399932861328,210.25999450683594,205145
2024-08-05 10:22:00-04:00,210.25,210.5399932861328,209.50999450683594,209.58999633789062,250321
2024-08-05 10:23:00-04:00,209.55999755859375,209.6699981689453,208.14999389648438,208.38999938964844,495574
2024-08-05 10:24:00-04:00,208.41000366210938,208.82000732421875,208.10000610351562,208.74400329589844,231997
2024-08-05 10:25:00-04:00,208.7111053466797,209.0500030517578,208.14149475097656,208.27999877929688,262206
2024-08-05 10:26:00-04:00,208.2301025390625,209.05999755859375,208.1501007080078,208.21009826660156,248118
2024-08-05 10:27:00-04:00,208.23500061035156,208.6300048828125,208.16000366210938,208.22500610351562,218503
2024-08-05 10:28:00-04:00,208.1999969482422,208.5500030517578,207.6999969482422,208.3300018310547,306068
2024-08-05 10:29:00-04:00,208.3699951171875,208.42999267578125,207.75999450683594,207.97869873046875,190846
2024-08-05 10:30:00-04:00,207.94070434570312,208.5,207.8717041015625,207.8800048828125,175978
2024-08-05 10:31:00-04:00,207.8699951171875,208.6999969482422,207.82000732421875,208.5709991455078,256975
2024-08-05 10:32:00-04:00,208.55999755859375,208.83999633789062,207.85009765625,208.07000732421875,280050
2024-08-05 10:33:00-04:00,208.08999633789062,208.47999572753906,207.94000244140625,208.4600067138672,272017
2024-08-05 10:34:00-04:00,208.42999267578125,209.13999938964844,208.36000061035156,208.8699951171875,261196
2024-08-05 10:35:00-04:00,208.94000244140625,209.63999938964844,208.72999572753906,209.19000244140625,243195
2024-08-05 10:36:00-04:00,209.10000610351562,209.27000427246094,208.5800018310547,209.0800018310547,261279
2024-08-05 10:37:00-04:00,209.04299926757812,209.33999633789062,208.77999877929688,209.07000732421875,189376
2024-08-05 10:38:00-04:00,209.0850067138672,209.88999938964844,209.0200958251953,209.8404998779297,252283
2024-08-05 10:39:00-04:00,209.84300231933594,210.3300018310547,209.77999877929688,210.17999267578125,324125
2024-08-05 10:40:00-04:00,210.16000366210938,210.39999389648438,209.38009643554688,209.4499969482422,271078
2024-08-05 10:41:00-04:00,209.44000244140625,209.94000244140625,209.38999938964844,209.75999450683594,150241
2024-08-05 10:42:00-04:00,209.77330017089844,209.88999938964844,209.61000061035156,209.88999938964844,140148
2024-08-05 10:43:00-04:00,209.85000610351562,210.25,209.1300048828125,209.1999969482422,283280
2024-08-05 10:44:00-04:00,209.19000244140625,209.22000122070312,208.4499969482422,208.49710083007812,164895
2024-08-05 10:45:00-04:00,208.5399932861328,208.98989868164062,208.27999877929688,208.9199981689453,190210
2024-08-05 10:46:00-04:00,208.93190002441406,209.1999969482422,208.8300018310547,209.14500427246094,182194
2024-08-05 10:47:00-04:00,209.17999267578125,209.2949981689453,208.58999633789062,208.58999633789062,134347
2024-08-05 10:48:00-04:00,208.55999755859375,209.3000030517578,208.5,209.3000030517578,174606
2024-08-05 10:49:00-04:00,209.2899932861328,209.3300018310547,208.5399932861328,208.60000610351562,121073
2024-08-05 10:50:00-04:00,208.60989379882812,208.94320678710938,208.13999938964844,208.14999389648438,189769
2024-08-05 10:51:00-04:00,208.13999938964844,208.5,208.0,208.5,143700
2024-08-05 10:52:00-04:00,208.55999755859375,209.16000366210938,208.53500366210938,209.05999755859375,179878
2024-08-05 10:53:00-04:00,209.07000732421875,209.6999969482422,208.9199981689453,209.6999969482422,172862
2024-08-05 10:54:00-04:00,209.72999572753906,210.3800048828125,209.6699981689453,209.89999389648438,281518
2024-08-05 10:55:00-04:00,209.85000610351562,210.10000610351562,209.5749969482422,209.72999572753906,171322
2024-08-05 10:56:00-04:00,209.75999450683594,209.9550018310547,209.66000366210938,209.86500549316406,170038
2024-08-05 10:57:00-04:00,209.8300018310547,209.8300018310547,209.0500030517578,209.13999938964844,195463
2024-08-05 10:58:00-04:00,209.1199951171875,209.30999755859375,208.69000244140625,209.09500122070312,250386
2024-08-05 10:59:00-04:00,209.0800018310547,209.78990173339844,209.07000732421875,209.55990600585938,156455
2024-08-05 11:00:00-04:00,209.5850067138672,209.93499755859375,209.1999969482422,209.210205078125,198535
2024-08-05 11:01:00-04:00,209.24000549316406,209.2899932861328,208.74000549316406,208.85000610351562,177814
2024-08-05 11:02:00-04:00,208.9499969482422,209.75999450683594,208.9499969482422,209.57000732421875,144606
2024-08-05 11:03:00-04:00,209.5800018310547,210.72000122070312,209.5399932861328,210.58999633789062,319206
2024-08-05 11:04:00-04:00,210.5800018310547,210.89999389648438,210.47000122070312,210.65499877929688,285450
2024-08-05 11:05:00-04:00,210.63999938964844,211.7100067138672,210.61000061035156,211.52000427246094,484802
2024-08-05 11:06:00-04:00,211.5500030517578,212.22999572753906,211.50999450683594,212.02999877929688,406206
2024-08-05 11:07:00-04:00,212.02999877929688,212.2899932861328,211.91000366210938,212.1699981689453,346539
2024-08-05 11:08:00-04:00,212.1446990966797,212.9499053955078,212.1446990966797,212.6300048828125,404191
2024-08-05 11:09:00-04:00,212.6300048828125,212.7895050048828,212.0800018310547,212.3300018310547,272553
2024-08-05 11:10:00-04:00,212.35000610351562,212.52999877929688,212.0279998779297,212.2100067138672,283632
2024-08-05 11:11:00-04:00,212.20779418945312,212.94000244140625,211.94000244140625,212.8000030517578,372761
2024-08-05 11:12:00-04:00,212.8000030517578,212.82000732421875,212.10870361328125,212.14010620117188,226826
2024-08-05 11:13:00-04:00,212.14999389648438,212.36990356445312,211.76010131835938,211.91009521484375,211178
2024-08-05 11:14:00-04:00,211.94000244140625,212.63999938964844,211.83999633789062,212.25999450683594,163462
2024-08-05 11:15:00-04:00,212.38999938964844,212.57000732421875,212.03790283203125,212.3800048828125,158526
2024-08-05 11:16:00-04:00,212.39999389648438,212.5,211.91000366210938,211.91050720214844,143847
2024-08-05 11:17:00-04:00,211.9499969482422,212.73489379882812,211.92999267578125,212.5,222033
2024-08-05 11:18:00-04:00,212.5634002685547,212.73800659179688,212.08999633789062,212.3000946044922,176717
2024-08-05 11:19:00-04:00,212.32000732421875,212.6300048828125,212.25,212.2899932861328,177686
2024-08-05 11:20:00-04:00,212.27000427246094,212.9600067138672,212.1199951171875,212.91000366210938,181771
2024-08-05 11:21:00-04:00,212.88999938964844,213.4600067138672,212.6999969482422,213.16000366210938,428869
2024-08-05 11:22:00-04:00,213.16000366210938,213.47000122070312,212.85000610351562,213.38999938964844,210934
2024-08-05 11:23:00-04:00,213.4149932861328,213.45860290527344,212.85000610351562,212.99009704589844,200780
2024-08-05 11:24:00-04:00,213.02499389648438,213.08999633789062,212.8300018310547,213.05999755859375,122998
2024-08-05 11:25:00-04:00,213.02999877929688,213.02999877929688,212.8699951171875,212.88999938964844,26126
2024-08-05 11:26:00-04:00,212.5800018310547,212.64999389648438,212.25999450683594,212.3695068359375,242725
2024-08-05 11:27:00-04:00,212.32000732421875,212.32000732421875,211.50999450683594,211.60000610351562,221527
2024-08-05 11:28:00-04:00,211.55999755859375,211.83999633789062,211.5,211.6300048828125,168953
2024-08-05 11:29:00-04:00,211.5850067138672,211.75999450683594,211.1699981689453,211.1699981689453,182964
2024-08-05 11:30:00-04:00,211.1999969482422,211.4394989013672,210.16000366210938,211.1782989501953,332161
2024-08-05 11:31:00-04:00,211.1300048828125,211.13999938964844,210.67999267578125,210.92999267578125,163101
2024-08-05 11:32:00-04:00,210.8800048828125,211.08999633789062,210.60000610351562,210.80999755859375,131971
2024-08-05 11:33:00-04:00,210.7899932861328,211.3000030517578,210.69009399414062,211.2550048828125,139558
2024-08-05 11:34:00-04:00,211.27000427246094,211.49000549316406,210.6446990966797,211.17999267578125,161838
2024-08-05 11:35:00-04:00,211.1699981689453,211.27000427246094,210.84280395507812,210.9499969482422,155431
2024-08-05 11:36:00-04:00,211.0,211.67999267578125,210.97000122070312,211.60000610351562,137861
2024-08-05 11:37:00-04:00,211.63949584960938,211.88800048828125,211.3699951171875,211.72999572753906,197343
2024-08-05 11:38:00-04:00,211.6999969482422,211.6999969482422,211.16000366210938,211.39999389648438,163634
2024-08-05 11:39:00-04:00,211.38999938964844,211.5,210.9499969482422,210.98500061035156,205922
2024-08-05 11:40:00-04:00,210.97999572753906,211.06500244140625,210.6999969482422,210.75999450683594,154561
2024-08-05 11:41:00-04:00,210.74000549316406,210.91229248046875,210.60780334472656,210.6699981689453,146101
2024-08-05 11:42:00-04:00,210.74000549316406,210.77999877929688,210.22000122070312,210.36000061035156,314565
2024-08-05 11:43:00-04:00,210.3699951171875,210.375,209.9199981689453,210.02000427246094,226913
2024-08-05 11:44:00-04:00,210.0800018310547,210.13999938964844,209.9506072998047,210.10000610351562,114134
2024-08-05 11:45:00-04:00,210.10000610351562,210.19000244140625,209.64419555664062,209.7100067138672,159222
2024-08-05 11:46:00-04:00,209.70419311523438,210.0749969482422,209.5050048828125,209.85000610351562,170087
2024-08-05 11:47:00-04:00,209.85499572753906,210.67999267578125,209.77000427246094,210.4499969482422,262325
2024-08-05 11:48:00-04:00,210.4499969482422,210.7550048828125,210.37100219726562,210.47999572753906,160395
2024-08-05 11:49:00-04:00,210.49000549316406,210.52000427246094,210.02000427246094,210.02000427246094,104129
2024-08-05 11:50:00-04:00,210.0399932861328,210.39999389648438,209.88999938964844,210.22000122070312,184595
2024-08-05 11:51:00-04:00,210.27099609375,210.60000610351562,210.11000061035156,210.42999267578125,133900
2024-08-05 11:52:00-04:00,210.43499755859375,211.1999969482422,210.42999267578125,211.1649932861328,170660
2024-08-05 11:53:00-04:00,211.1999969482422,211.3300018310547,210.94749450683594,211.0301055908203,160306
2024-08-05 11:54:00-04:00,211.02000427246094,211.05499267578125,210.72300720214844,210.80999755859375,150666
2024-08-05 11:55:00-04:00,210.80999755859375,210.98500061035156,210.69000244140625,210.93499755859375,95076
2024-08-05 11:56:00-04:00,210.9600067138672,211.0,210.360107421875,210.4700927734375,340912
2024-08-05 11:57:00-04:00,210.46600341796875,210.5500030517578,210.0399932861328,210.05499267578125,107286
2024-08-05 11:58:00-04:00,210.0399932861328,210.24000549316406,210.0,210.1999969482422,86188
2024-08-05 11:59:00-04:00,210.18499755859375,210.5800018310547,210.1815948486328,210.3350067138672,116790
2024-08-05 12:00:00-04:00,210.3350067138672,210.5399932861328,210.2100067138672,210.27999877929688,98190
2024-08-05 12:01:00-04:00,210.27999877929688,210.42999267578125,210.02000427246094,210.14999389648438,119025
2024-08-05 12:02:00-04:00,210.125,210.4600067138672,210.08999633789062,210.3300018310547,105676
2024-08-05 12:03:00-04:00,210.3800048828125,211.0399932861328,210.35000610351562,211.0399932861328,127834
2024-08-05 12:04:00-04:00,211.0800018310547,211.3800048828125,211.0,211.37950134277344,166241
2024-08-05 12:05:00-04:00,211.33999633789062,211.8699951171875,211.31500244140625,211.51499938964844,172827
2024-08-05 12:06:00-04:00,211.50059509277344,211.58169555664062,211.13499450683594,211.49000549316406,170405
2024-08-05 12:07:00-04:00,211.4600067138672,211.8800048828125,211.4600067138672,211.8448944091797,113918
2024-08-05 12:08:00-04:00,211.85000610351562,212.0,211.5,211.6501007080078,179117
2024-08-05 12:09:00-04:00,211.67999267578125,211.67999267578125,211.47999572753906,211.61000061035156,98247
2024-08-05 12:10:00-04:00,211.58009338378906,211.9197998046875,211.5399932861328,211.7949981689453,98520
2024-08-05 12:11:00-04:00,211.77999877929688,211.7801971435547,211.57000732421875,211.64999389648438,67749
2024-08-05 12:12:00-04:00,211.63999938964844,211.69329833984375,211.44000244140625,211.57000732421875,69312
2024-08-05 12:13:00-04:00,211.57000732421875,211.7899932861328,211.53030395507812,211.75999450683594,95510
2024-08-05 12:14:00-04:00,211.77499389648438,211.78179931640625,211.52999877929688,211.63999938964844,57569
2024-08-05 12:15:00-04:00,211.6999969482422,211.8300018310547,211.45419311523438,211.6300048828125,65793
2024-08-05 12:16:00-04:00,211.67880249023438,211.9199981689453,211.60009765625,211.77999877929688,83203
2024-08-05 12:17:00-04:00,211.77369689941406,212.3695068359375,211.75,212.16000366210938,164808
2024-08-05 12:18:00-04:00,212.2050018310547,213.0,212.2050018310547,212.3300018310547,370947
2024-08-05 12:19:00-04:00,212.38999938964844,212.74000549316406,212.17999267578125,212.66009521484375,199706
2024-08-05 12:20:00-04:00,212.68499755859375,212.69740295410156,212.0500030517578,212.1199951171875,119404
2024-08-05 12:21:00-04:00,212.11000061035156,212.47000122070312,212.0,212.03799438476562,120571
2024-08-05 12:22:00-04:00,212.08990478515625,212.57000732421875,212.00999450683594,212.17999267578125,133342
2024-08-05 12:23:00-04:00,212.15890502929688,212.36000061035156,212.10000610351562,212.19000244140625,82157
2024-08-05 12:24:00-04:00,212.19500732421875,212.2899932861328,212.04010009765625,212.1363983154297,105209
2024-08-05 12:25:00-04:00,212.17999267578125,212.24000549316406,212.08099365234375,212.2100067138672,67846
2024-08-05 12:26:00-04:00,212.22999572753906,212.35000610351562,212.06739807128906,212.25999450683594,92492
2024-08-05 12:27:00-04:00,212.2700958251953,212.52540588378906,212.1999969482422,212.50869750976562,70773
2024-08-05 12:28:00-04:00,212.50999450683594,212.639892578125,212.3800048828125,212.61000061035156,73216
2024-08-05 12:29:00-04:00,212.5800018310547,212.66000366210938,212.4499969482422,212.61500549316406,77897
2024-08-05 12:30:00-04:00,212.6199951171875,212.64999389648438,212.10000610351562,212.2220001220703,109683
2024-08-05 12:31:00-04:00,212.19000244140625,212.23500061035156,211.94000244140625,212.2100067138672,114158
2024-08-05 12:32:00-04:00,212.22000122070312,212.22000122070312,211.9199981689453,212.02000427246094,132006
2024-08-05 12:33:00-04:00,212.0399932861328,212.0399932861328,211.11000061035156,211.3300018310547,306244
2024-08-05 12:34:00-04:00,211.32009887695312,211.5299072265625,211.04100036621094,211.3000030517578,163671
2024-08-05 12:35:00-04:00,211.25,211.25999450683594,211.0500946044922,211.1699981689453,97757
2024-08-05 12:36:00-04:00,211.1699981689453,211.2637939453125,210.8000030517578,210.83999633789062,143415
2024-08-05 12:37:00-04:00,210.80999755859375,210.91000366210938,210.5500946044922,210.58999633789062,86130
2024-08-05 12:38:00-04:00,210.58999633789062,211.0500030517578,210.55099487304688,210.8699951171875,101216
2024-08-05 12:39:00-04:00,210.85000610351562,210.9499969482422,210.6699981689453,210.94500732421875,71943
2024-08-05 12:40:00-04:00,210.97500610351562,211.0500030517578,210.63999938964844,210.7100067138672,78651
2024-08-05 12:41:00-04:00,210.67999267578125,210.92999267578125,210.63999938964844,210.91000366210938,70494
2024-08-05 12:42:00-04:00,210.91000366210938,211.1300048828125,210.88999938964844,211.11000061035156,120537
2024-08-05 12:43:00-04:00,211.08999633789062,211.10000610351562,210.72000122070312,210.82049560546875,83603
2024-08-05 12:44:00-04:00,210.8300018310547,210.8300018310547,210.57009887695312,210.7899932861328,108257
2024-08-05 12:45:00-04:00,210.80999755859375,211.00399780273438,210.5299072265625,210.81500244140625,112946
2024-08-05 12:46:00-04:00,210.77099609375,210.83999633789062,210.64999389648438,210.6649932861328,58537
2024-08-05 12:47:00-04:00,210.6699981689453,210.95950317382812,210.6300048828125,210.7700958251953,96491
2024-08-05 12:48:00-04:00,210.75,210.9199981689453,210.69000244140625,210.80560302734375,85106
2024-08-05 12:49:00-04:00,210.7899932861328,210.80999755859375,210.46060180664062,210.6300048828125,90174
2024-08-05 12:50:00-04:00,210.69500732421875,210.72999572753906,210.38009643554688,210.55999755859375,86979
2024-08-05 12:51:00-04:00,210.5601043701172,210.88949584960938,210.5301055908203,210.8000030517578,76191
2024-08-05 12:52:00-04:00,210.74000549316406,210.9499969482422,210.68099975585938,210.80499267578125,76722
2024-08-05 12:53:00-04:00,210.84640502929688,210.91259765625,210.74000549316406,210.8300018310547,45657
2024-08-05 12:54:00-04:00,210.86000061035156,210.86000061035156,210.47999572753906,210.47999572753906,105589
2024-08-05 12:55:00-04:00,210.47999572753906,210.52000427246094,210.16000366210938,210.30999755859375,127499
2024-08-05 12:56:00-04:00,210.2899932861328,210.49000549316406,209.72000122070312,209.75999450683594,204720
2024-08-05 12:57:00-04:00,209.75,210.17999267578125,209.72999572753906,210.0,157848
2024-08-05 12:58:00-04:00,209.99000549316406,210.30999755859375,209.97000122070312,210.2449951171875,68426
2024-08-05 12:59:00-04:00,210.24000549316406,210.5399932861328,210.1999969482422,210.3800048828125,91089
2024-08-05 13:00:00-04:00,210.36000061035156,210.57000732421875,210.18499755859375,210.19000244140625,143143
2024-08-05 13:01:00-04:00,210.1699981689453,210.35150146484375,209.91000366210938,210.02000427246094,124414
2024-08-05 13:02:00-04:00,209.99000549316406,210.3000030517578,209.97000122070312,210.22999572753906,103418
2024-08-05 13:03:00-04:00,210.2449951171875,210.52000427246094,210.16000366210938,210.38999938964844,88276
2024-08-05 13:04:00-04:00,210.3800048828125,210.77000427246094,210.3699951171875,210.66000366210938,84479
2024-08-05 13:05:00-04:00,210.64999389648438,210.89999389648438,210.5500946044922,210.74000549316406,79287
2024-08-05 13:06:00-04:00,210.72000122070312,210.77999877929688,210.4600067138672,210.75990295410156,104269
2024-08-05 13:07:00-04:00,210.7550048828125,210.97999572753906,210.610107421875,210.95880126953125,124988
2024-08-05 13:08:00-04:00,210.9600067138672,211.3800048828125,210.9600067138672,211.3300018310547,125760
2024-08-05 13:09:00-04:00,211.35150146484375,211.6295928955078,211.3300018310547,211.52000427246094,203416
2024-08-05 13:10:00-04:00,211.5399932861328,211.78500366210938,211.49000549316406,211.64500427246094,139165
2024-08-05 13:11:00-04:00,211.67300415039062,211.6999969482422,211.22000122070312,211.24049377441406,107349
2024-08-05 13:12:00-04:00,211.25,211.4600067138672,210.91900634765625,211.35000610351562,143694
2024-08-05 13:13:00-04:00,211.34500122070312,211.3800048828125,210.85000610351562,210.90049743652344,88271
2024-08-05 13:14:00-04:00,210.9600067138672,211.4600067138672,210.88999938964844,211.44500732421875,74267
2024-08-05 13:15:00-04:00,211.4199981689453,211.65249633789062,211.30999755859375,211.5500030517578,92453
2024-08-05 13:16:00-04:00,211.52999877929688,211.68760681152344,211.3699951171875,211.5800018310547,72067
2024-08-05 13:17:00-04:00,211.6300048828125,211.67630004882812,211.4600067138672,211.5399932861328,69517
2024-08-05 13:18:00-04:00,211.57000732421875,211.68370056152344,211.3300018310547,211.52999877929688,102542
2024-08-05 13:19:00-04:00,211.47000122070312,211.57000732421875,211.22999572753906,211.38009643554688,75794
2024-08-05 13:20:00-04:00,211.41000366210938,211.5800018310547,211.35000610351562,211.3800048828125,53521
2024-08-05 13:21:00-04:00,211.42999267578125,211.66000366210938,211.38999938964844,211.66000366210938,107811
2024-08-05 13:22:00-04:00,211.63890075683594,211.7700958251953,211.5800018310547,211.7261962890625,103364
2024-08-05 13:23:00-04:00,211.7100067138672,211.72000122070312,211.50050354003906,211.61000061035156,64763
2024-08-05 13:24:00-04:00,211.60800170898438,211.6750030517578,211.24000549316406,211.30499267578125,71768
2024-08-05 13:25:00-04:00,211.30999755859375,211.49000549316406,211.2899932861328,211.3350067138672,64371
2024-08-05 13:26:00-04:00,211.3350067138672,211.58999633789062,211.25999450683594,211.5800018310547,83138
2024-08-05 13:27:00-04:00,211.593994140625,211.593994140625,211.27000427246094,211.36000061035156,75246
2024-08-05 13:28:00-04:00,211.3780059814453,211.3800048828125,210.94000244140625,211.0447998046875,87821
2024-08-05 13:29:00-04:00,211.1199951171875,211.1199951171875,210.77000427246094,210.80999755859375,116582
2024-08-05 13:30:00-04:00,210.7899932861328,211.01210021972656,210.77999877929688,210.95010375976562,83798
2024-08-05 13:31:00-04:00,210.91000366210938,211.11000061035156,210.7899932861328,211.09500122070312,88429
2024-08-05 13:32:00-04:00,211.08999633789062,211.16000366210938,210.89999389648438,211.01499938964844,69822
2024-08-05 13:33:00-04:00,211.0500030517578,211.3800048828125,210.99009704589844,211.3800048828125,71358
2024-08-05 13:34:00-04:00,211.36000061035156,211.4575958251953,211.17010498046875,211.3699951171875,57011
2024-08-05 13:35:00-04:00,211.3300018310547,211.48800659179688,211.1374969482422,211.22999572753906,77659
2024-08-05 13:36:00-04:00,211.2100067138672,211.49000549316406,211.07000732421875,211.47000122070312,59590
2024-08-05 13:37:00-04:00,211.48500061035156,211.48800659179688,211.22000122070312,211.28500366210938,52640
2024-08-05 13:38:00-04:00,211.3300018310547,211.44949340820312,211.25999450683594,211.36000061035156,62101
2024-08-05 13:39:00-04:00,211.36500549316406,211.36500549316406,211.02029418945312,211.24989318847656,78118
2024-08-05 13:40:00-04:00,211.24000549316406,211.61000061035156,211.17999267578125,211.58999633789062,80911
2024-08-05 13:41:00-04:00,211.593994140625,211.84500122070312,211.48500061035156,211.77999877929688,115917
2024-08-05 13:42:00-04:00,211.74000549316406,211.88999938964844,211.61000061035156,211.61000061035156,76521
2024-08-05 13:43:00-04:00,211.58999633789062,211.67999267578125,211.32000732421875,211.3350067138672,79310
2024-08-05 13:44:00-04:00,211.3300018310547,211.35000610351562,211.1199951171875,211.17999267578125,100020
2024-08-05 13:45:00-04:00,211.1873016357422,211.39999389648438,211.10000610351562,211.10000610351562,79827
2024-08-05 13:46:00-04:00,211.10400390625,211.25,211.00999450683594,211.01010131835938,94702
2024-08-05 13:47:00-04:00,211.02000427246094,211.23959350585938,210.97000122070312,211.02000427246094,70247
2024-08-05 13:48:00-04:00,211.02000427246094,211.05999755859375,210.82000732421875,210.91000366210938,61579
2024-08-05 13:49:00-04:00,210.9031982421875,210.9149932861328,210.63999938964844,210.6875,47862
2024-08-05 13:50:00-04:00,210.69000244140625,210.9600067138672,210.64999389648438,210.86000061035156,68992
2024-08-05 13:51:00-04:00,210.86000061035156,210.88380432128906,210.65499877929688,210.75999450683594,59717
2024-08-05 13:52:00-04:00,210.74000549316406,211.10000610351562,210.72000122070312,210.7740020751953,111640
2024-08-05 13:53:00-04:00,210.7779998779297,211.10000610351562,210.6699981689453,211.08999633789062,105104
2024-08-05 13:54:00-04:00,211.08999633789062,211.24000549316406,210.89999389648438,211.17999267578125,76679
2024-08-05 13:55:00-04:00,211.1999969482422,211.38999938964844,211.14999389648438,211.16000366210938,74351
2024-08-05 13:56:00-04:00,211.19009399414062,211.2100067138672,211.0,211.02999877929688,95816
2024-08-05 13:57:00-04:00,211.03500366210938,211.05999755859375,210.60000610351562,210.67999267578125,137616
2024-08-05 13:58:00-04:00,210.67999267578125,210.74000549316406,210.50999450683594,210.58999633789062,139149
2024-08-05 13:59:00-04:00,210.5800018310547,210.82000732421875,210.5800018310547,210.74009704589844,85741
2024-08-05 14:00:00-04:00,210.77000427246094,210.91000366210938,210.07000732421875,210.2550048828125,137972
2024-08-05 14:01:00-04:00,210.30999755859375,210.39999389648438,209.92599487304688,209.9499969482422,158053
2024-08-05 14:02:00-04:00,209.9199981689453,210.0800018310547,209.8000030517578,209.93499755859375,113881
2024-08-05 14:03:00-04:00,209.92999267578125,210.33990478515625,209.9199981689453,210.14999389648438,88977
2024-08-05 14:04:00-04:00,210.15499877929688,210.2899932861328,209.9084930419922,210.06500244140625,76570
2024-08-05 14:05:00-04:00,210.0399932861328,210.2899932861328,210.02000427246094,210.2449951171875,88879
2024-08-05 14:06:00-04:00,210.25999450683594,210.36000061035156,210.1199951171875,210.1199951171875,91198
2024-08-05 14:07:00-04:00,210.11000061035156,210.23989868164062,210.02000427246094,210.05999755859375,64248
2024-08-05 14:08:00-04:00,210.0449981689453,210.24209594726562,210.02999877929688,210.2100067138672,51080
2024-08-05 14:09:00-04:00,210.19009399414062,210.47000122070312,210.15249633789062,210.33999633789062,69111
2024-08-05 14:10:00-04:00,210.3699951171875,210.3800048828125,210.09500122070312,210.12730407714844,54983
2024-08-05 14:11:00-04:00,210.13040161132812,210.27000427246094,210.08999633789062,210.1999969482422,49591
2024-08-05 14:12:00-04:00,210.18499755859375,210.3800048828125,210.09500122070312,210.10989379882812,55845
2024-08-05 14:13:00-04:00,210.07000732421875,210.07000732421875,209.70359802246094,209.8249969482422,79369
2024-08-05 14:14:00-04:00,209.74000549316406,209.74000549316406,209.3699951171875,209.45010375976562,116501
2024-08-05 14:15:00-04:00,209.4499969482422,209.63999938964844,209.3800048828125,209.5749969482422,122876
2024-08-05 14:16:00-04:00,209.57009887695312,209.6999053955078,209.49009704589844,209.52000427246094,94988
2024-08-05 14:17:00-04:00,209.52999877929688,209.92999267578125,209.49839782714844,209.77499389648438,109046
2024-08-05 14:18:00-04:00,209.77499389648438,210.1199951171875,209.7100067138672,210.0,83121
2024-08-05 14:19:00-04:00,210.0,210.35000610351562,209.9925994873047,210.18499755859375,107623
2024-08-05 14:20:00-04:00,210.1999969482422,210.31500244140625,210.1300048828125,210.24000549316406,62763
2024-08-05 14:21:00-04:00,210.25,210.37010192871094,210.20010375976562,210.32000732421875,60398
2024-08-05 14:22:00-04:00,210.2899932861328,210.3300018310547,210.1300048828125,210.1699981689453,59910
2024-08-05 14:23:00-04:00,210.1699981689453,210.25,210.0,210.17999267578125,66452
2024-08-05 14:24:00-04:00,210.2001953125,210.3083038330078,209.8699951171875,210.05999755859375,96294
2024-08-05 14:25:00-04:00,210.0800018310547,210.32000732421875,210.00999450683594,210.3000030517578,106474
2024-08-05 14:26:00-04:00,210.27940368652344,210.5,210.27940368652344,210.4600067138672,113786
2024-08-05 14:27:00-04:00,210.44020080566406,210.63999938964844,210.42100524902344,210.5301055908203,130403
2024-08-05 14:28:00-04:00,210.5399932861328,210.5800018310547,210.375,210.55999755859375,80325
2024-08-05 14:29:00-04:00,210.5800018310547,210.639892578125,210.4801025390625,210.61000061035156,61019
2024-08-05 14:30:00-04:00,210.56300354003906,210.88999938964844,210.46009826660156,210.77000427246094,109583
2024-08-05 14:31:00-04:00,210.8699951171875,210.88999938964844,210.60000610351562,210.74000549316406,97360
2024-08-05 14:32:00-04:00,210.74000549316406,210.85000610351562,210.60000610351562,210.8000030517578,83663
2024-08-05 14:33:00-04:00,210.80499267578125,210.94000244140625,210.5,210.94000244140625,103280
2024-08-05 14:34:00-04:00,210.94000244140625,210.9499969482422,210.6999969482422,210.75,71087
2024-08-05 14:35:00-04:00,210.7100067138672,210.85000610351562,210.58999633789062,210.71009826660156,73115
2024-08-05 14:36:00-04:00,210.74009704589844,210.8699951171875,210.66000366210938,210.80499267578125,80210
2024-08-05 14:37:00-04:00,210.82000732421875,210.88999938964844,210.63499450683594,210.63499450683594,82969
2024-08-05 14:38:00-04:00,210.64999389648438,210.72999572753906,210.3350067138672,210.39999389648438,155963
2024-08-05 14:39:00-04:00,210.38999938964844,210.63999938964844,209.6999969482422,210.1300048828125,254505
2024-08-05 14:40:00-04:00,210.07000732421875,210.08999633789062,207.8300018310547,208.6898956298828,841415
2024-08-05 14:41:00-04:00,208.664306640625,208.7698974609375,207.7801055908203,208.1999969482422,400649
2024-08-05 14:42:00-04:00,208.2093963623047,208.36000061035156,207.4499969482422,207.74099731445312,291610
2024-08-05 14:43:00-04:00,207.7550048828125,208.10940551757812,207.6999969482422,207.9149932861328,200205
2024-08-05 14:44:00-04:00,207.92999267578125,207.97000122070312,207.29600524902344,207.5500030517578,281600
2024-08-05 14:45:00-04:00,207.55999755859375,208.07000732421875,207.3300018310547,207.3699951171875,206124
2024-08-05 14:46:00-04:00,207.4398956298828,207.7899932861328,206.60000610351562,206.7996063232422,350146
2024-08-05 14:47:00-04:00,206.77999877929688,207.07000732421875,206.22000122070312,206.87010192871094,472929
2024-08-05 14:48:00-04:00,206.8800048828125,207.07000732421875,206.0,206.0500030517578,316808
2024-08-05 14:49:00-04:00,206.0449981689453,206.1199951171875,205.30499267578125,205.34010314941406,559819
2024-08-05 14:50:00-04:00,205.35000610351562,205.72000122070312,205.0,205.08999633789062,919536
2024-08-05 14:51:00-04:00,205.1123046875,206.74000549316406,204.80999755859375,206.7050018310547,851548
2024-08-05 14:52:00-04:00,206.6699981689453,207.13999938964844,206.41000366210938,206.41000366210938,450862
2024-08-05 14:53:00-04:00,206.38999938964844,206.38999938964844,205.61019897460938,205.61019897460938,409698
2024-08-05 14:54:00-04:00,205.6199951171875,206.0010986328125,205.4199981689453,205.47500610351562,242435
2024-08-05 14:55:00-04:00,205.50990295410156,205.5749969482422,204.9300994873047,205.03500366210938,390597
2024-08-05 14:56:00-04:00,205.0500030517578,205.0500030517578,204.3000946044922,204.46510314941406,350620
2024-08-05 14:57:00-04:00,204.47250366210938,204.47250366210938,203.9199981689453,204.19000244140625,524773
2024-08-05 14:58:00-04:00,204.22000122070312,204.9199981689453,204.0301055908203,204.79010009765625,423743
2024-08-05 14:59:00-04:00,204.8336944580078,204.8800048828125,204.50999450683594,204.78399658203125,229177
2024-08-05 15:00:00-04:00,204.7899932861328,205.0,204.57000732421875,204.6199951171875,303576
2024-08-05 15:01:00-04:00,204.60800170898438,204.9550018310547,204.09500122070312,204.09500122070312,241628
2024-08-05 15:02:00-04:00,204.10000610351562,205.4199981689453,204.05999755859375,205.33160400390625,394253
2024-08-05 15:03:00-04:00,205.3699951171875,206.11000061035156,205.25999450683594,205.9199981689453,380014
2024-08-05 15:04:00-04:00,205.9553985595703,206.3800048828125,205.81100463867188,206.35000610351562,290561
2024-08-05 15:05:00-04:00,206.35499572753906,206.42999267578125,206.07000732421875,206.2100067138672,249680
2024-08-05 15:06:00-04:00,206.1999969482422,206.22999572753906,205.5,205.5850067138672,214322
2024-08-05 15:07:00-04:00,205.61000061035156,205.72000122070312,205.27999877929688,205.32749938964844,197101
2024-08-05 15:08:00-04:00,205.3699951171875,205.9698944091797,205.34500122070312,205.6649932861328,159206
2024-08-05 15:09:00-04:00,205.66000366210938,205.689697265625,205.35000610351562,205.39280700683594,142290
2024-08-05 15:10:00-04:00,205.3699951171875,205.5800018310547,205.22000122070312,205.2449951171875,164435
2024-08-05 15:11:00-04:00,205.2449951171875,205.34500122070312,205.05999755859375,205.10000610351562,224963
2024-08-05 15:12:00-04:00,205.11000061035156,205.92999267578125,205.11000061035156,205.49000549316406,165075
2024-08-05 15:13:00-04:00,205.52000427246094,205.67559814453125,205.1199951171875,205.55999755859375,150664
2024-08-05 15:14:00-04:00,205.49000549316406,205.64999389648438,205.2100067138672,205.3699951171875,146929
2024-08-05 15:15:00-04:00,205.40499877929688,205.68130493164062,205.27000427246094,205.60009765625,178421
2024-08-05 15:16:00-04:00,205.63999938964844,206.2769012451172,205.6300048828125,205.92230224609375,201156
2024-08-05 15:17:00-04:00,205.91000366210938,206.08999633789062,205.6508026123047,205.86000061035156,151976
2024-08-05 15:18:00-04:00,205.8699951171875,205.91319274902344,205.50010681152344,205.6750030517578,155342
2024-08-05 15:19:00-04:00,205.67999267578125,205.9499969482422,205.58999633789062,205.7050018310547,184388
2024-08-05 15:20:00-04:00,205.7050018310547,206.41000366210938,205.61000061035156,206.33009338378906,243574
2024-08-05 15:21:00-04:00,206.35000610351562,206.4600067138672,205.94000244140625,205.97000122070312,206407
2024-08-05 15:22:00-04:00,205.99000549316406,206.10499572753906,205.70010375976562,205.90499877929688,144915
2024-08-05 15:23:00-04:00,205.94000244140625,206.07000732421875,205.83999633789062,205.97000122070312,439195
2024-08-05 15:24:00-04:00,205.97000122070312,206.42999267578125,205.97000122070312,206.3249969482422,192783
2024-08-05 15:25:00-04:00,206.30999755859375,206.47999572753906,206.1300048828125,206.4149932861328,254813
2024-08-05 15:26:00-04:00,206.39999389648438,207.07000732421875,206.3300018310547,206.9407958984375,388905
2024-08-05 15:27:00-04:00,206.9600067138672,207.13999938964844,206.6699981689453,206.6699981689453,325759
2024-08-05 15:28:00-04:00,206.64999389648438,206.72999572753906,206.1300048828125,206.17999267578125,180647
2024-08-05 15:29:00-04:00,206.16000366210938,206.44000244140625,206.14500427246094,206.42999267578125,178727
2024-08-05 15:30:00-04:00,206.42999267578125,206.77499389648438,206.25,206.4499969482422,180325
2024-08-05 15:31:00-04:00,206.46080017089844,206.47000122070312,206.01170349121094,206.27999877929688,249903
2024-08-05 15:32:00-04:00,206.25,206.38999938964844,206.10000610351562,206.24000549316406,180146
2024-08-05 15:33:00-04:00,206.22999572753906,206.6999969482422,206.19000244140625,206.5800018310547,170874
2024-08-05 15:34:00-04:00,206.572998046875,207.14999389648438,206.572998046875,207.11000061035156,234634
2024-08-05 15:35:00-04:00,207.0850067138672,207.39700317382812,206.90499877929688,207.35499572753906,229765
2024-08-05 15:36:00-04:00,207.35000610351562,207.49000549316406,207.1999969482422,207.45660400390625,239482
2024-08-05 15:37:00-04:00,207.45849609375,208.22999572753906,207.4499969482422,208.19000244140625,307638
2024-08-05 15:38:00-04:00,208.16000366210938,208.22000122070312,207.5399932861328,207.69000244140625,275307
2024-08-05 15:39:00-04:00,207.6999969482422,207.92999267578125,207.51759338378906,207.77999877929688,218457
2024-08-05 15:40:00-04:00,207.77999877929688,208.25,207.77499389648438,208.19000244140625,276320
2024-08-05 15:41:00-04:00,208.1699981689453,208.19000244140625,207.8175048828125,208.10499572753906,208917
2024-08-05 15:42:00-04:00,208.11000061035156,208.16000366210938,207.8800048828125,208.07009887695312,222360
2024-08-05 15:43:00-04:00,208.05499267578125,208.05999755859375,207.64999389648438,207.66000366210938,168159
2024-08-05 15:44:00-04:00,207.65499877929688,207.72000122070312,207.49000549316406,207.57000732421875,226217
2024-08-05 15:45:00-04:00,207.57000732421875,207.75,207.3300018310547,207.4600067138672,238543
2024-08-05 15:46:00-04:00,207.4600067138672,207.61000061035156,207.25999450683594,207.47500610351562,185887
2024-08-05 15:47:00-04:00,207.4687042236328,207.5399932861328,206.97000122070312,207.03500366210938,239560
2024-08-05 15:48:00-04:00,207.02000427246094,207.1300048828125,206.8220977783203,206.8800048828125,302610
2024-08-05 15:49:00-04:00,206.88999938964844,207.39999389648438,206.8800048828125,207.07000732421875,290502
2024-08-05 15:50:00-04:00,207.05999755859375,207.85000610351562,206.82009887695312,207.31500244140625,784960
2024-08-05 15:51:00-04:00,207.32000732421875,207.72999572753906,207.3101043701172,207.5500030517578,356517
2024-08-05 15:52:00-04:00,207.55999755859375,207.69000244140625,207.2899932861328,207.57000732421875,283430
2024-08-05 15:53:00-04:00,207.52999877929688,207.8350067138672,207.44500732421875,207.81500244140625,356545
2024-08-05 15:54:00-04:00,207.82000732421875,208.16000366210938,207.60000610351562,207.99000549316406,505689
2024-08-05 15:55:00-04:00,208.0,208.75,207.9801025390625,208.09500122070312,847938
2024-08-05 15:56:00-04:00,208.10000610351562,208.39999389648438,208.0980987548828,208.13999938964844,503119
2024-08-05 15:57:00-04:00,208.13999938964844,208.61500549316406,208.10000610351562,208.61000061035156,655936
2024-08-05 15:58:00-04:00,208.60499572753906,209.25,208.60499572753906,208.94000244140625,946602
2024-08-05 15:59:00-04:00,208.92999267578125,209.35000610351562,208.7100067138672,209.19000244140625,1365408
2024-08-06 09:30:00-04:00,205.38999938964844,206.22000122070312,204.5,206.22000122070312,5873579
2024-08-06 09:31:00-04:00,206.1999969482422,206.25,205.0399932861328,205.33999633789062,446231
2024-08-06 09:32:00-04:00,205.34010314941406,205.8300018310547,204.80999755859375,205.49200439453125,529260
2024-08-06 09:33:00-04:00,205.5399932861328,205.75999450683594,205.25,205.67230224609375,345468
2024-08-06 09:34:00-04:00,205.69000244140625,205.75,205.0,205.3300018310547,386385
2024-08-06 09:35:00-04:00,205.28500366210938,205.6999969482422,205.07000732421875,205.14999389648438,301081
2024-08-06 09:36:00-04:00,205.14999389648438,205.27999877929688,204.5659942626953,204.6125030517578,405947
2024-08-06 09:37:00-04:00,204.57009887695312,204.61000061035156,203.80499267578125,204.30999755859375,408890
2024-08-06 09:38:00-04:00,204.3000030517578,204.91000366210938,204.09539794921875,204.64010620117188,520852
2024-08-06 09:39:00-04:00,204.6699981689453,204.6999969482422,203.66000366210938,203.8350067138672,425044
2024-08-06 09:40:00-04:00,203.8300018310547,203.99000549316406,202.82000732421875,202.91000366210938,498176
2024-08-06 09:41:00-04:00,202.9600067138672,203.22999572753906,202.72999572753906,202.97000122070312,453058
2024-08-06 09:42:00-04:00,202.97000122070312,203.0,202.30999755859375,202.36000061035156,343676
2024-08-06 09:43:00-04:00,202.36920166015625,203.27999877929688,202.30999755859375,202.8350067138672,426530
2024-08-06 09:44:00-04:00,202.80999755859375,202.9499969482422,201.63999938964844,201.6649932861328,591480
2024-08-06 09:45:00-04:00,201.67999267578125,202.0,201.07000732421875,201.61000061035156,756424
2024-08-06 09:46:00-04:00,201.61000061035156,202.07000732421875,201.37120056152344,201.98500061035156,577808
2024-08-06 09:47:00-04:00,201.97999572753906,202.9199981689453,201.9333953857422,202.90499877929688,499932
2024-08-06 09:48:00-04:00,202.91000366210938,203.4499969482422,202.7899932861328,203.19009399414062,469653
2024-08-06 09:49:00-04:00,203.21499633789062,203.2899932861328,202.6300048828125,202.97999572753906,335315
2024-08-06 09:50:00-04:00,202.99000549316406,203.07000732421875,202.14999389648438,202.63999938964844,277920
2024-08-06 09:51:00-04:00,202.60000610351562,202.74000549316406,202.2100067138672,202.62570190429688,254651
2024-08-06 09:52:00-04:00,202.64999389648438,203.25,202.5500030517578,203.1699981689453,431074
2024-08-06 09:53:00-04:00,203.22999572753906,203.89999389648438,203.13999938964844,203.83999633789062,287393
2024-08-06 09:54:00-04:00,203.84500122070312,203.91000366210938,203.5500030517578,203.79949951171875,334226
2024-08-06 09:55:00-04:00,203.7899932861328,203.8000030517578,203.24000549316406,203.38999938964844,192686
2024-08-06 09:56:00-04:00,203.42999267578125,204.0,203.42999267578125,203.94000244140625,276127
2024-08-06 09:57:00-04:00,203.92999267578125,204.10000610351562,203.63999938964844,203.9600067138672,270580
2024-08-06 09:58:00-04:00,203.94500732421875,204.02000427246094,203.58999633789062,203.77499389648438,248521
2024-08-06 09:59:00-04:00,203.77000427246094,203.77000427246094,203.07919311523438,203.13209533691406,245666
2024-08-06 10:00:00-04:00,203.19000244140625,203.1999969482422,202.42999267578125,202.77000427246094,348423
2024-08-06 10:01:00-04:00,202.75010681152344,203.42990112304688,202.6999969482422,203.25,212509
2024-08-06 10:02:00-04:00,203.2310028076172,203.8699951171875,203.2310028076172,203.8300018310547,302198
2024-08-06 10:03:00-04:00,203.80999755859375,204.1999969482422,203.6300048828125,204.1699981689453,252862
2024-08-06 10:04:00-04:00,204.1699981689453,204.75,204.0399932861328,204.7100067138672,253493
2024-08-06 10:05:00-04:00,204.7100067138672,204.83999633789062,204.5,204.63999938964844,298511
2024-08-06 10:06:00-04:00,204.6199951171875,204.75990295410156,204.3300018310547,204.7386932373047,233817
2024-08-06 10:07:00-04:00,204.7100067138672,204.86000061035156,204.66000366210938,204.83030700683594,239246
2024-08-06 10:08:00-04:00,204.8300018310547,204.94920349121094,204.67999267578125,204.74000549316406,183469
2024-08-06 10:09:00-04:00,204.72999572753906,204.8699951171875,204.57009887695312,204.7550048828125,187301
2024-08-06 10:10:00-04:00,204.75999450683594,204.80999755859375,204.25,204.5,194548
2024-08-06 10:11:00-04:00,204.47999572753906,204.6199951171875,204.27000427246094,204.57000732421875,196034
2024-08-06 10:12:00-04:00,204.57000732421875,204.8300018310547,204.30999755859375,204.72000122070312,146046
2024-08-06 10:13:00-04:00,204.72000122070312,204.8699951171875,204.47999572753906,204.86000061035156,152759
2024-08-06 10:14:00-04:00,204.8699951171875,204.89999389648438,204.52000427246094,204.72000122070312,184394
2024-08-06 10:15:00-04:00,204.75,204.91000366210938,204.4199981689453,204.47500610351562,142389
2024-08-06 10:16:00-04:00,204.5,204.89999389648438,204.41000366210938,204.8300018310547,122692
2024-08-06 10:17:00-04:00,204.8699951171875,204.92999267578125,204.6999969482422,204.75999450683594,157244
2024-08-06 10:18:00-04:00,204.75,205.3000030517578,204.6699981689453,205.22000122070312,295401
2024-08-06 10:19:00-04:00,205.23500061035156,205.38999938964844,204.85000610351562,205.24000549316406,207210
2024-08-06 10:20:00-04:00,205.24000549316406,205.49000549316406,205.05999755859375,205.41000366210938,185171
2024-08-06 10:21:00-04:00,205.39999389648438,205.72999572753906,205.3300018310547,205.53500366210938,236411
2024-08-06 10:22:00-04:00,205.56809997558594,205.8000030517578,205.39999389648438,205.7550048828125,223290
2024-08-06 10:23:00-04:00,205.74009704589844,205.8000030517578,205.39010620117188,205.52049255371094,229330
2024-08-06 10:24:00-04:00,205.52000427246094,205.60000610351562,205.3800048828125,205.46499633789062,149087
2024-08-06 10:25:00-04:00,205.49169921875,205.69000244140625,205.0800018310547,205.26499938964844,181852
2024-08-06 10:26:00-04:00,204.9199981689453,205.1999969482422,204.9199981689453,205.07009887695312,216196
2024-08-06 10:27:00-04:00,205.08999633789062,205.4250030517578,205.0399932861328,205.3000030517578,126255
2024-08-06 10:28:00-04:00,205.33999633789062,205.5,205.32009887695312,205.39999389648438,224706
2024-08-06 10:29:00-04:00,205.41000366210938,205.6199951171875,204.86000061035156,204.89010620117188,198060
2024-08-06 10:30:00-04:00,204.97999572753906,205.04200744628906,204.5850067138672,204.64999389648438,178603
2024-08-06 10:31:00-04:00,204.6999969482422,204.99899291992188,204.61000061035156,204.6999969482422,111590
2024-08-06 10:32:00-04:00,204.66000366210938,204.72999572753906,204.3699951171875,204.6999969482422,143137
2024-08-06 10:33:00-04:00,204.67999267578125,204.9499969482422,204.44000244140625,204.75970458984375,106951
2024-08-06 10:34:00-04:00,204.74099731445312,205.2100067138672,204.6300048828125,205.11000061035156,174549
2024-08-06 10:35:00-04:00,205.14999389648438,205.47999572753906,205.02000427246094,205.4300994873047,153595
2024-08-06 10:36:00-04:00,205.4459991455078,205.5,205.1199951171875,205.21499633789062,144291
2024-08-06 10:37:00-04:00,205.20010375976562,205.47999572753906,205.17999267578125,205.4550018310547,117956
2024-08-06 10:38:00-04:00,205.47500610351562,205.9499969482422,205.47000122070312,205.77000427246094,231670
2024-08-06 10:39:00-04:00,205.75990295410156,205.75990295410156,205.35000610351562,205.60000610351562,128048
2024-08-06 10:40:00-04:00,205.61500549316406,205.77999877929688,205.5,205.67999267578125,103850
2024-08-06 10:41:00-04:00,205.69000244140625,205.75,205.30499267578125,205.50999450683594,182269
2024-08-06 10:42:00-04:00,205.55999755859375,205.8300018310547,205.3997039794922,205.6999969482422,139227
2024-08-06 10:43:00-04:00,205.77000427246094,206.13999938964844,205.66000366210938,206.10000610351562,170121
2024-08-06 10:44:00-04:00,206.0749969482422,206.33680725097656,206.0,206.24000549316406,167324
2024-08-06 10:45:00-04:00,206.25,206.47999572753906,206.17999267578125,206.4499969482422,135298
2024-08-06 10:46:00-04:00,206.42999267578125,206.9199981689453,206.42999267578125,206.80999755859375,361646
2024-08-06 10:47:00-04:00,206.78500366210938,207.17999267578125,206.73489379882812,207.15640258789062,184651
2024-08-06 10:48:00-04:00,207.17999267578125,207.18499755859375,206.63040161132812,206.8000030517578,151659
2024-08-06 10:49:00-04:00,206.8000030517578,206.99319458007812,206.5399932861328,206.6800994873047,122977
2024-08-06 10:50:00-04:00,206.70579528808594,206.70579528808594,206.44000244140625,206.6199951171875,134828
2024-08-06 10:51:00-04:00,206.60000610351562,206.68960571289062,206.32000732421875,206.64500427246094,111639
2024-08-06 10:52:00-04:00,206.58999633789062,206.75,206.39999389648438,206.72999572753906,115198
2024-08-06 10:53:00-04:00,206.7100067138672,207.10000610351562,206.70640563964844,207.10000610351562,164882
2024-08-06 10:54:00-04:00,207.08999633789062,207.2100067138672,206.92269897460938,207.1300048828125,104679
2024-08-06 10:55:00-04:00,207.16000366210938,207.24000549316406,206.97000122070312,207.16009521484375,131015
2024-08-06 10:56:00-04:00,207.1999969482422,207.4149932861328,207.05239868164062,207.30999755859375,126706
2024-08-06 10:57:00-04:00,207.2899932861328,207.4199981689453,207.2299041748047,207.40499877929688,106786
2024-08-06 10:58:00-04:00,207.4199981689453,207.4499969482422,207.14999389648438,207.2100067138672,122993
2024-08-06 10:59:00-04:00,207.1999969482422,207.67999267578125,207.19009399414062,207.54600524902344,131535
2024-08-06 11:00:00-04:00,207.50999450683594,207.66000366210938,207.27000427246094,207.52499389648438,102034
2024-08-06 11:01:00-04:00,207.52999877929688,207.64999389648438,207.25999450683594,207.60000610351562,116801
2024-08-06 11:02:00-04:00,207.59500122070312,207.739501953125,207.42999267578125,207.47000122070312,97287
2024-08-06 11:03:00-04:00,207.47250366210938,207.5998992919922,207.0050048828125,207.08999633789062,152358
2024-08-06 11:04:00-04:00,207.08999633789062,207.41000366210938,207.0800018310547,207.22500610351562,122448
2024-08-06 11:05:00-04:00,207.22000122070312,207.30999755859375,207.10000610351562,207.2100067138672,60462
2024-08-06 11:06:00-04:00,207.15499877929688,207.39999389648438,207.14999389648438,207.25,150767
2024-08-06 11:07:00-04:00,207.27000427246094,207.58999633789062,207.22000122070312,207.52499389648438,126052
2024-08-06 11:08:00-04:00,207.49000549316406,207.66000366210938,207.35000610351562,207.47000122070312,81614
2024-08-06 11:09:00-04:00,207.4600067138672,207.47000122070312,207.14999389648438,207.35000610351562,153691
2024-08-06 11:10:00-04:00,207.3300018310547,207.44000244140625,206.89999389648438,206.91000366210938,153947
2024-08-06 11:11:00-04:00,206.90499877929688,207.02000427246094,206.67999267578125,206.86500549316406,120496
2024-08-06 11:12:00-04:00,206.83999633789062,206.94000244140625,206.6750030517578,206.91000366210938,89716
2024-08-06 11:13:00-04:00,206.89920043945312,207.27999877929688,206.8300018310547,207.2418975830078,91790
2024-08-06 11:14:00-04:00,207.22999572753906,207.2550048828125,206.94000244140625,207.13360595703125,89890
2024-08-06 11:15:00-04:00,207.125,207.24000549316406,206.75999450683594,206.8300018310547,95911
2024-08-06 11:16:00-04:00,206.8300018310547,206.89999389648438,206.47000122070312,206.52000427246094,154774
2024-08-06 11:17:00-04:00,206.52999877929688,207.0399932861328,206.52999877929688,207.02049255371094,99561
2024-08-06 11:18:00-04:00,207.0,207.2449951171875,206.8699951171875,207.19500732421875,144715
2024-08-06 11:19:00-04:00,207.1999969482422,207.25999450683594,207.07000732421875,207.14500427246094,94322
2024-08-06 11:20:00-04:00,207.13999938964844,207.13999938964844,206.9499969482422,207.05999755859375,62199
2024-08-06 11:21:00-04:00,207.05499267578125,207.3300018310547,207.0500030517578,207.32000732421875,32506
2024-08-06 11:22:00-04:00,207.28500366210938,207.30999755859375,207.13999938964844,207.22999572753906,206712
2024-08-06 11:23:00-04:00,207.22999572753906,207.5800018310547,207.22999572753906,207.49000549316406,107100
2024-08-06 11:24:00-04:00,207.49209594726562,207.52000427246094,207.2100067138672,207.2100067138672,88406
2024-08-06 11:25:00-04:00,207.24000549316406,207.2698974609375,207.00999450683594,207.07000732421875,88980
2024-08-06 11:26:00-04:00,207.05999755859375,207.17999267578125,206.97000122070312,207.1199951171875,96868
2024-08-06 11:27:00-04:00,207.1190948486328,207.1199951171875,206.6999969482422,206.72500610351562,88128
2024-08-06 11:28:00-04:00,206.72000122070312,206.77000427246094,206.38999938964844,206.47999572753906,117119
2024-08-06 11:29:00-04:00,206.4499969482422,206.4600067138672,206.0399932861328,206.11000061035156,163046
2024-08-06 11:30:00-04:00,206.1204071044922,206.47999572753906,206.05999755859375,206.41000366210938,131649
2024-08-06 11:31:00-04:00,206.33999633789062,206.47999572753906,206.16000366210938,206.3000030517578,92235
2024-08-06 11:32:00-04:00,206.29010009765625,206.89999389648438,206.281005859375,206.8300018310547,138033
2024-08-06 11:33:00-04:00,206.89999389648438,207.3800048828125,206.7899932861328,207.2899932861328,98639
2024-08-06 11:34:00-04:00,207.3000030517578,207.49000549316406,207.19000244140625,207.46499633789062,99325
2024-08-06 11:35:00-04:00,207.4499969482422,207.49000549316406,207.09010314941406,207.10000610351562,88734
2024-08-06 11:36:00-04:00,207.0399932861328,207.53990173339844,207.0399932861328,207.414306640625,80332
2024-08-06 11:37:00-04:00,207.4199981689453,207.7100067138672,207.05499267578125,207.11000061035156,161730
2024-08-06 11:38:00-04:00,207.1300048828125,207.1999969482422,206.88009643554688,206.88999938964844,133313
2024-08-06 11:39:00-04:00,206.89059448242188,207.02999877929688,206.85499572753906,206.99000549316406,100550
2024-08-06 11:40:00-04:00,206.97999572753906,207.0500030517578,206.8800048828125,207.02090454101562,79299
2024-08-06 11:41:00-04:00,207.02000427246094,207.07000732421875,206.89999389648438,206.91000366210938,83348
2024-08-06 11:42:00-04:00,206.89100646972656,206.89100646972656,206.64999389648438,206.7008056640625,97113
2024-08-06 11:43:00-04:00,206.69000244140625,206.8249969482422,206.5,206.5800018310547,126622
2024-08-06 11:44:00-04:00,206.57000732421875,206.69000244140625,206.42999267578125,206.47000122070312,121853
2024-08-06 11:45:00-04:00,206.47000122070312,206.57000732421875,206.39999389648438,206.49000549316406,89977
2024-08-06 11:46:00-04:00,206.5399932861328,206.92999267578125,206.5399932861328,206.89999389648438,181540
2024-08-06 11:47:00-04:00,206.8800048828125,207.2899932861328,206.80999755859375,207.2299041748047,90410
2024-08-06 11:48:00-04:00,207.1999969482422,207.4499969482422,207.16009521484375,207.32000732421875,105632
2024-08-06 11:49:00-04:00,207.3000030517578,207.6699981689453,207.19000244140625,207.56500244140625,163377
2024-08-06 11:50:00-04:00,207.56619262695312,207.89999389648438,207.5565948486328,207.8800048828125,168276
2024-08-06 11:51:00-04:00,207.860107421875,207.98989868164062,207.77000427246094,207.9600067138672,102983
2024-08-06 11:52:00-04:00,207.97999572753906,208.19000244140625,207.87449645996094,208.08999633789062,170582
2024-08-06 11:53:00-04:00,208.0850067138672,208.2720947265625,208.00999450683594,208.17999267578125,105311
2024-08-06 11:54:00-04:00,208.17999267578125,208.41000366210938,208.11000061035156,208.27999877929688,112535
2024-08-06 11:55:00-04:00,208.2949981689453,208.3498992919922,208.1909942626953,208.32000732421875,85780
2024-08-06 11:56:00-04:00,208.36000061035156,208.55960083007812,208.36000061035156,208.40499877929688,132240
2024-08-06 11:57:00-04:00,208.41990661621094,208.50999450683594,208.33999633789062,208.4499969482422,102713
2024-08-06 11:58:00-04:00,208.47500610351562,208.49000549316406,208.13999938964844,208.13999938964844,74271
2024-08-06 11:59:00-04:00,208.14999389648438,208.4799041748047,208.14999389648438,208.4600067138672,80540
2024-08-06 12:00:00-04:00,208.4600067138672,208.64999389648438,208.44000244140625,208.59500122070312,131967
2024-08-06 12:01:00-04:00,208.58999633789062,208.61990356445312,208.4499969482422,208.52999877929688,108194
2024-08-06 12:02:00-04:00,208.5399932861328,208.6750030517578,208.47999572753906,208.59500122070312,86753
2024-08-06 12:03:00-04:00,208.5601043701172,208.72000122070312,208.5399932861328,208.5399932861328,78429
2024-08-06 12:04:00-04:00,208.5449981689453,208.62010192871094,208.36000061035156,208.5,87658
2024-08-06 12:05:00-04:00,208.49000549316406,208.5800018310547,208.30099487304688,208.5800018310547,78144
2024-08-06 12:06:00-04:00,208.5500030517578,208.6999969482422,208.4199981689453,208.6468963623047,92289
2024-08-06 12:07:00-04:00,208.6199951171875,208.6219940185547,208.27000427246094,208.30999755859375,125564
2024-08-06 12:08:00-04:00,208.3300018310547,208.41000366210938,208.27000427246094,208.41000366210938,80855
2024-08-06 12:09:00-04:00,208.39999389648438,208.5050048828125,208.32000732421875,208.35000610351562,54046
2024-08-06 12:10:00-04:00,208.36500549316406,208.5,208.27999877929688,208.39999389648438,76682
2024-08-06 12:11:00-04:00,208.4149932861328,208.88999938964844,208.4149932861328,208.8800048828125,93748
2024-08-06 12:12:00-04:00,208.8699951171875,208.97000122070312,208.72999572753906,208.94000244140625,81538
2024-08-06 12:13:00-04:00,208.9199981689453,208.9199981689453,208.5601043701172,208.6300048828125,77581
2024-08-06 12:14:00-04:00,208.63999938964844,208.82000732421875,208.59500122070312,208.74000549316406,65963
2024-08-06 12:15:00-04:00,208.75999450683594,208.97999572753906,208.55999755859375,208.89999389648438,97881
2024-08-06 12:16:00-04:00,208.90499877929688,208.92999267578125,208.77999877929688,208.85000610351562,89336
2024-08-06 12:17:00-04:00,208.86000061035156,208.9250030517578,208.77099609375,208.85000610351562,64960
2024-08-06 12:18:00-04:00,208.8459930419922,208.8800048828125,208.52000427246094,208.60000610351562,102090
2024-08-06 12:19:00-04:00,208.58999633789062,208.61000061035156,208.4199981689453,208.5449981689453,111562
2024-08-06 12:20:00-04:00,208.5449981689453,208.83999633789062,208.49000549316406,208.77999877929688,75369
2024-08-06 12:21:00-04:00,208.777099609375,208.99000549316406,208.777099609375,208.89950561523438,96443
2024-08-06 12:22:00-04:00,208.87359619140625,208.94000244140625,208.70840454101562,208.82000732421875,74948
2024-08-06 12:23:00-04:00,208.82000732421875,208.85000610351562,208.57000732421875,208.6199951171875,83751
2024-08-06 12:24:00-04:00,208.61529541015625,208.7899932861328,208.59500122070312,208.67010498046875,49412
2024-08-06 12:25:00-04:00,208.6750030517578,208.7100067138672,208.4250030517578,208.43910217285156,63292
2024-08-06 12:26:00-04:00,208.4499969482422,208.5998992919922,208.4250030517578,208.48500061035156,58283
2024-08-06 12:27:00-04:00,208.52000427246094,208.65989685058594,208.47999572753906,208.639892578125,71633
2024-08-06 12:28:00-04:00,208.625,208.69000244140625,208.57000732421875,208.58999633789062,43198
2024-08-06 12:29:00-04:00,208.63999938964844,208.6999969482422,208.6300048828125,208.63099670410156,43171
2024-08-06 12:30:00-04:00,208.6699981689453,208.88999938964844,208.6300048828125,208.75999450683594,70737
2024-08-06 12:31:00-04:00,208.72560119628906,208.8594970703125,208.67999267578125,208.8300018310547,64832
2024-08-06 12:32:00-04:00,208.83999633789062,208.9499969482422,208.77000427246094,208.8699951171875,72709
2024-08-06 12:33:00-04:00,208.88999938964844,208.9550018310547,208.80999755859375,208.8699951171875,153005
2024-08-06 12:34:00-04:00,208.85000610351562,208.88999938964844,208.75990295410156,208.85279846191406,51147
2024-08-06 12:35:00-04:00,208.86500549316406,208.88999938964844,208.72000122070312,208.8000030517578,62972
2024-08-06 12:36:00-04:00,208.7899932861328,208.7899932861328,208.625,208.67999267578125,60694
2024-08-06 12:37:00-04:00,208.67970275878906,208.67970275878906,208.52000427246094,208.5749969482422,74632
2024-08-06 12:38:00-04:00,208.5601043701172,208.6300048828125,208.4199981689453,208.6199951171875,89237
2024-08-06 12:39:00-04:00,208.58990478515625,208.60499572753906,208.4199981689453,208.5500030517578,67765
2024-08-06 12:40:00-04:00,208.57000732421875,208.57000732421875,208.36000061035156,208.4600067138672,62128
2024-08-06 12:41:00-04:00,208.47999572753906,208.86000061035156,208.46499633789062,208.85000610351562,59971
2024-08-06 12:42:00-04:00,208.84010314941406,208.99000549316406,208.75,208.947998046875,98836
2024-08-06 12:43:00-04:00,208.9499969482422,208.99000549316406,208.8800048828125,208.8800048828125,43965
2024-08-06 12:44:00-04:00,208.8800048828125,208.97000122070312,208.8000030517578,208.8300018310547,64112
2024-08-06 12:45:00-04:00,208.82000732421875,209.0,208.82000732421875,208.8699951171875,104073
2024-08-06 12:46:00-04:00,208.8800048828125,208.9600067138672,208.7845001220703,208.92010498046875,59789
2024-08-06 12:47:00-04:00,208.9250030517578,208.9250030517578,208.74000549316406,208.77000427246094,56647
2024-08-06 12:48:00-04:00,208.77000427246094,208.97000122070312,208.74000549316406,208.85000610351562,59442
2024-08-06 12:49:00-04:00,208.8699951171875,208.9499969482422,208.82000732421875,208.88999938964844,48164
2024-08-06 12:50:00-04:00,208.88499450683594,209.0,208.88499450683594,208.97000122070312,48640
2024-08-06 12:51:00-04:00,208.97000122070312,209.0,208.91000366210938,208.9199981689453,77974
2024-08-06 12:52:00-04:00,208.92999267578125,209.44000244140625,208.9199981689453,209.44000244140625,210966
2024-08-06 12:53:00-04:00,209.42010498046875,209.63720703125,209.41000366210938,209.52999877929688,168283
2024-08-06 12:54:00-04:00,209.5399932861328,209.82000732421875,209.5399932861328,209.72999572753906,99821
2024-08-06 12:55:00-04:00,209.72999572753906,209.89999389648438,209.69500732421875,209.8800048828125,89198
2024-08-06 12:56:00-04:00,209.89999389648438,209.89999389648438,209.75999450683594,209.8249969482422,109947
2024-08-06 12:57:00-04:00,209.8249969482422,209.97999572753906,209.8249969482422,209.93499755859375,136728
2024-08-06 12:58:00-04:00,209.93499755859375,209.94000244140625,209.75999450683594,209.8300018310547,98397
2024-08-06 12:59:00-04:00,209.83999633789062,209.89999389648438,209.6999969482422,209.6999969482422,71810
2024-08-06 13:00:00-04:00,209.69000244140625,209.72000122070312,209.21510314941406,209.35000610351562,97126
2024-08-06 13:01:00-04:00,209.3350067138672,209.5800018310547,209.27999877929688,209.52020263671875,79844
2024-08-06 13:02:00-04:00,209.5316925048828,209.53990173339844,209.33999633789062,209.48500061035156,119999
2024-08-06 13:03:00-04:00,209.49000549316406,209.58999633789062,209.3699951171875,209.4199981689453,61637
2024-08-06 13:04:00-04:00,209.39999389648438,209.41000366210938,209.24000549316406,209.33999633789062,63219
2024-08-06 13:05:00-04:00,209.3249969482422,209.3249969482422,208.92999267578125,208.94000244140625,117551
2024-08-06 13:06:00-04:00,208.94500732421875,209.13999938964844,208.92999267578125,209.0800018310547,105318
2024-08-06 13:07:00-04:00,209.08999633789062,209.08999633789062,208.83999633789062,208.9949951171875,93833
2024-08-06 13:08:00-04:00,209.02999877929688,209.26040649414062,208.9600067138672,209.26040649414062,74271
2024-08-06 13:09:00-04:00,209.27000427246094,209.36990356445312,209.2449951171875,209.25999450683594,57634
2024-08-06 13:10:00-04:00,209.27999877929688,209.27999877929688,209.125,209.125,59303
2024-08-06 13:11:00-04:00,209.0800018310547,209.13999938964844,208.9199981689453,209.139892578125,68340
2024-08-06 13:12:00-04:00,209.1300048828125,209.22000122070312,209.0399932861328,209.22000122070312,77508
2024-08-06 13:13:00-04:00,209.20010375976562,209.22000122070312,209.0500030517578,209.17999267578125,55541
2024-08-06 13:14:00-04:00,209.16000366210938,209.22999572753906,209.11500549316406,209.19000244140625,47292
2024-08-06 13:15:00-04:00,209.19000244140625,209.21499633789062,208.77999877929688,209.0,85023
2024-08-06 13:16:00-04:00,208.97000122070312,209.0,208.83999633789062,208.97000122070312,46870
2024-08-06 13:17:00-04:00,209.0,209.0998992919922,208.89999389648438,209.01499938964844,49304
2024-08-06 13:18:00-04:00,209.0399932861328,209.13999938964844,208.86000061035156,208.91000366210938,64523
2024-08-06 13:19:00-04:00,208.97500610351562,209.11000061035156,208.8800048828125,209.07000732421875,48712
2024-08-06 13:20:00-04:00,209.09500122070312,209.27999877929688,209.05880737304688,209.25,46373
2024-08-06 13:21:00-04:00,209.27999877929688,209.33999633789062,209.02999877929688,209.0399932861328,53570
2024-08-06 13:22:00-04:00,209.03500366210938,209.22000122070312,208.97999572753906,209.22000122070312,47904
2024-08-06 13:23:00-04:00,209.2050018310547,209.30999755859375,208.8800048828125,209.28500366210938,79685
2024-08-06 13:24:00-04:00,209.3000030517578,209.31500244140625,209.21099853515625,209.2449951171875,54599
2024-08-06 13:25:00-04:00,209.1999969482422,209.25999450683594,209.00999450683594,209.0800018310547,68030
2024-08-06 13:26:00-04:00,209.10000610351562,209.10000610351562,208.78500366210938,208.80999755859375,46669
2024-08-06 13:27:00-04:00,208.802001953125,208.85499572753906,208.52000427246094,208.85499572753906,79824
2024-08-06 13:28:00-04:00,208.8699951171875,209.0,208.82620239257812,208.89999389648438,63834
2024-08-06 13:29:00-04:00,208.91000366210938,209.0850067138672,208.89999389648438,208.99000549316406,57634
2024-08-06 13:30:00-04:00,209.00999450683594,209.10000610351562,208.80499267578125,208.83999633789062,82537
2024-08-06 13:31:00-04:00,208.85000610351562,208.94000244140625,208.73500061035156,208.77999877929688,63789
2024-08-06 13:32:00-04:00,208.75999450683594,208.97000122070312,208.7550048828125,208.8699951171875,42269
2024-08-06 13:33:00-04:00,208.8800048828125,208.96499633789062,208.75,208.85000610351562,54731
2024-08-06 13:34:00-04:00,208.86990356445312,208.88999938964844,208.5800018310547,208.59500122070312,87731
2024-08-06 13:35:00-04:00,208.58999633789062,208.72999572753906,208.5800018310547,208.7100067138672,86056
2024-08-06 13:36:00-04:00,208.72000122070312,208.97999572753906,208.70010375976562,208.94500732421875,76022
2024-08-06 13:37:00-04:00,208.95010375976562,209.1387939453125,208.9250030517578,209.05999755859375,71171
2024-08-06 13:38:00-04:00,209.07000732421875,209.18499755859375,209.02499389648438,209.0399932861328,84225
2024-08-06 13:39:00-04:00,209.0500030517578,209.05999755859375,208.8800048828125,208.9250030517578,71710
2024-08-06 13:40:00-04:00,208.93499755859375,208.9700927734375,208.82000732421875,208.93499755859375,77378
2024-08-06 13:41:00-04:00,208.92999267578125,209.10000610351562,208.7899932861328,209.10000610351562,67856
2024-08-06 13:42:00-04:00,209.13800048828125,209.13800048828125,208.9199981689453,208.94500732421875,58954
2024-08-06 13:43:00-04:00,208.9600067138672,208.9600067138672,208.5500030517578,208.74000549316406,117774
2024-08-06 13:44:00-04:00,208.74000549316406,208.85499572753906,208.60499572753906,208.78500366210938,74345
2024-08-06 13:45:00-04:00,208.7899932861328,208.83999633789062,208.5,208.52000427246094,60274
2024-08-06 13:46:00-04:00,208.50999450683594,208.6300048828125,208.3800048828125,208.4613037109375,86779
2024-08-06 13:47:00-04:00,208.4499969482422,208.5500030517578,208.3300018310547,208.4799041748047,85349
2024-08-06 13:48:00-04:00,208.47999572753906,208.60000610351562,208.37930297851562,208.51499938964844,61876
2024-08-06 13:49:00-04:00,208.50430297851562,208.75999450683594,208.48500061035156,208.6699981689453,52826
2024-08-06 13:50:00-04:00,208.6699981689453,208.6699981689453,208.50999450683594,208.66000366210938,56896
2024-08-06 13:51:00-04:00,208.66000366210938,208.7987060546875,208.64500427246094,208.72999572753906,59493
2024-08-06 13:52:00-04:00,208.72999572753906,208.72999572753906,208.4510040283203,208.4510040283203,47834
2024-08-06 13:53:00-04:00,208.4550018310547,208.67269897460938,208.45010375976562,208.6300048828125,49404
2024-08-06 13:54:00-04:00,208.6313934326172,208.9199981689453,208.6313934326172,208.87879943847656,64148
2024-08-06 13:55:00-04:00,208.85000610351562,208.8699951171875,208.72000122070312,208.80499267578125,42812
2024-08-06 13:56:00-04:00,208.86000061035156,208.8699951171875,208.77999877929688,208.85000610351562,51222
2024-08-06 13:57:00-04:00,208.85000610351562,208.97000122070312,208.8000030517578,208.94500732421875,57363
2024-08-06 13:58:00-04:00,208.9499969482422,208.9499969482422,208.64500427246094,208.77000427246094,67732
2024-08-06 13:59:00-04:00,208.76499938964844,208.76499938964844,208.4550018310547,208.50999450683594,71063
2024-08-06 14:00:00-04:00,208.50999450683594,208.50999450683594,208.1909942626953,208.25990295410156,99005
2024-08-06 14:01:00-04:00,208.24000549316406,208.3249969482422,208.10000610351562,208.22999572753906,98112
2024-08-06 14:02:00-04:00,208.22000122070312,208.25,208.05999755859375,208.2449951171875,83820
2024-08-06 14:03:00-04:00,208.2471923828125,208.2550048828125,208.11000061035156,208.11000061035156,57527
2024-08-06 14:04:00-04:00,208.11000061035156,208.13999938964844,207.99989318847656,208.0699005126953,124362
2024-08-06 14:05:00-04:00,208.07000732421875,208.28500366210938,208.01499938964844,208.01499938964844,115275
2024-08-06 14:06:00-04:00,208.02000427246094,208.24000549316406,207.93299865722656,208.22000122070312,94057
2024-08-06 14:07:00-04:00,208.18499755859375,208.18499755859375,207.85000610351562,207.85499572753906,94184
2024-08-06 14:08:00-04:00,207.8699951171875,207.89999389648438,207.7050018310547,207.83999633789062,157295
2024-08-06 14:09:00-04:00,207.87989807128906,208.08999633789062,207.8509979248047,207.92999267578125,122645
2024-08-06 14:10:00-04:00,207.94000244140625,208.25999450683594,207.93499755859375,208.25999450683594,85448
2024-08-06 14:11:00-04:00,208.25999450683594,208.36000061035156,208.10000610351562,208.35000610351562,69477
2024-08-06 14:12:00-04:00,208.3101043701172,208.47000122070312,208.25999450683594,208.44500732421875,67614
2024-08-06 14:13:00-04:00,208.4499969482422,208.4550018310547,208.24000549316406,208.31500244140625,86205
2024-08-06 14:14:00-04:00,208.3249969482422,208.38499450683594,208.28030395507812,208.3000030517578,42669
2024-08-06 14:15:00-04:00,208.28500366210938,208.5,208.28500366210938,208.49000549316406,108457
2024-08-06 14:16:00-04:00,208.47000122070312,208.52999877929688,208.35989379882812,208.52999877929688,65179
2024-08-06 14:17:00-04:00,208.5399932861328,208.64500427246094,208.49000549316406,208.6300048828125,74942
2024-08-06 14:18:00-04:00,208.63499450683594,208.88999938964844,208.58999633789062,208.77999877929688,99857
2024-08-06 14:19:00-04:00,208.8000030517578,208.86000061035156,208.7449951171875,208.83999633789062,71695
2024-08-06 14:20:00-04:00,208.83279418945312,208.8800048828125,208.72000122070312,208.8249969482422,54458
2024-08-06 14:21:00-04:00,208.85000610351562,209.22000122070312,208.83999633789062,209.19500732421875,143643
2024-08-06 14:22:00-04:00,209.1999969482422,209.26499938964844,209.02999877929688,209.08999633789062,103109
2024-08-06 14:23:00-04:00,209.08999633789062,209.25999450683594,209.08999633789062,209.25,64321
2024-08-06 14:24:00-04:00,209.27499389648438,209.36990356445312,209.1699981689453,209.3000030517578,72369
2024-08-06 14:25:00-04:00,209.30999755859375,209.375,209.17999267578125,209.3199005126953,87701
2024-08-06 14:26:00-04:00,209.3350067138672,209.4398956298828,209.3000030517578,209.33999633789062,133585
2024-08-06 14:27:00-04:00,209.3350067138672,209.42999267578125,209.3217010498047,209.33999633789062,66232
2024-08-06 14:28:00-04:00,209.3415069580078,209.44000244140625,209.30499267578125,209.4250030517578,57509
2024-08-06 14:29:00-04:00,209.4250030517578,209.4799041748047,209.39999389648438,209.44639587402344,58617
2024-08-06 14:30:00-04:00,209.4499969482422,209.47500610351562,209.1699981689453,209.34500122070312,77750
2024-08-06 14:31:00-04:00,209.34500122070312,209.47500610351562,209.33999633789062,209.42999267578125,66046
2024-08-06 14:32:00-04:00,209.42999267578125,209.49000549316406,209.4199981689453,209.4600067138672,44886
2024-08-06 14:33:00-04:00,209.47000122070312,209.67999267578125,209.44000244140625,209.5800018310547,93563
2024-08-06 14:34:00-04:00,209.5800018310547,209.7949981689453,209.56500244140625,209.7700958251953,81008
2024-08-06 14:35:00-04:00,209.77999877929688,209.85499572753906,209.66000366210938,209.85000610351562,72809
2024-08-06 14:36:00-04:00,209.83999633789062,209.85000610351562,209.77000427246094,209.8000030517578,102619
2024-08-06 14:37:00-04:00,209.8000030517578,209.80999755859375,209.72500610351562,209.7550048828125,50872
2024-08-06 14:38:00-04:00,209.72999572753906,209.8300018310547,209.7100067138672,209.82000732421875,49527
2024-08-06 14:39:00-04:00,209.8249969482422,209.88999938964844,209.7097930908203,209.7100067138672,69898
2024-08-06 14:40:00-04:00,209.70660400390625,209.71499633789062,209.52000427246094,209.57000732421875,58716
2024-08-06 14:41:00-04:00,209.5850067138672,209.69000244140625,209.4499969482422,209.54989624023438,63088
2024-08-06 14:42:00-04:00,209.55490112304688,209.7899932861328,209.54010009765625,209.77499389648438,55607
2024-08-06 14:43:00-04:00,209.75999450683594,209.75999450683594,209.64500427246094,209.68499755859375,51451
2024-08-06 14:44:00-04:00,209.6898956298828,209.7100067138672,209.60009765625,209.63999938964844,46490
2024-08-06 14:45:00-04:00,209.64010620117188,209.6999969482422,209.55999755859375,209.69000244140625,55514
2024-08-06 14:46:00-04:00,209.69000244140625,209.74000549316406,209.57000732421875,209.72999572753906,63534
2024-08-06 14:47:00-04:00,209.74029541015625,209.8699951171875,209.7100067138672,209.8679962158203,68785
2024-08-06 14:48:00-04:00,209.85009765625,209.889892578125,209.74000549316406,209.88499450683594,66267
2024-08-06 14:49:00-04:00,209.88499450683594,209.88999938964844,209.74000549316406,209.76499938964844,52129
2024-08-06 14:50:00-04:00,209.75999450683594,209.81370544433594,209.67999267578125,209.74000549316406,74136
2024-08-06 14:51:00-04:00,209.75,209.8000030517578,209.6199951171875,209.6999969482422,54020
2024-08-06 14:52:00-04:00,209.6999969482422,209.75,209.66000366210938,209.74000549316406,46252
2024-08-06 14:53:00-04:00,209.73460388183594,209.8000030517578,209.72500610351562,209.7899932861328,49541
2024-08-06 14:54:00-04:00,209.77999877929688,209.92999267578125,209.77999877929688,209.92999267578125,84273
2024-08-06 14:55:00-04:00,209.92999267578125,209.9499969482422,209.6199951171875,209.63999938964844,101990
2024-08-06 14:56:00-04:00,209.64500427246094,209.6699981689453,209.4499969482422,209.45010375976562,88652
2024-08-06 14:57:00-04:00,209.42999267578125,209.42999267578125,209.12010192871094,209.39999389648438,100531
2024-08-06 14:58:00-04:00,209.41000366210938,209.4199981689453,209.0,209.1300048828125,117681
2024-08-06 14:59:00-04:00,209.1199951171875,209.1199951171875,208.6999969482422,208.7449951171875,148377
2024-08-06 15:00:00-04:00,208.74000549316406,208.8300018310547,208.4199981689453,208.82000732421875,106013
2024-08-06 15:01:00-04:00,208.80999755859375,208.80999755859375,208.5500030517578,208.7100067138672,56448
2024-08-06 15:02:00-04:00,208.710693359375,208.7156982421875,208.4001007080078,208.47999572753906,95537
2024-08-06 15:03:00-04:00,208.47999572753906,208.5800018310547,208.05990600585938,208.08999633789062,95917
2024-08-06 15:04:00-04:00,208.1300048828125,208.27000427246094,207.86000061035156,208.0198974609375,139777
2024-08-06 15:05:00-04:00,208.02000427246094,208.3699951171875,208.02000427246094,208.09019470214844,90137
2024-08-06 15:06:00-04:00,208.10989379882812,208.49000549316406,208.07000732421875,208.3300018310547,86097
2024-08-06 15:07:00-04:00,208.31500244140625,208.36000061035156,207.7675018310547,207.7899932861328,119462
2024-08-06 15:08:00-04:00,207.7899932861328,208.0399932861328,207.61000061035156,207.67880249023438,146098
2024-08-06 15:09:00-04:00,207.6999969482422,208.25999450683594,207.6999969482422,208.06100463867188,150123
2024-08-06 15:10:00-04:00,208.05999755859375,208.27999877929688,207.98500061035156,208.1699981689453,73581
2024-08-06 15:11:00-04:00,208.13999938964844,208.2100067138672,207.91000366210938,208.02000427246094,69436
2024-08-06 15:12:00-04:00,208.00999450683594,208.25,207.9801025390625,208.1898956298828,90552
2024-08-06 15:13:00-04:00,208.17999267578125,208.24000549316406,207.91000366210938,207.9199981689453,73823
2024-08-06 15:14:00-04:00,207.91000366210938,208.1199951171875,207.91000366210938,207.9600067138672,86021
2024-08-06 15:15:00-04:00,207.97000122070312,208.0800018310547,207.77999877929688,207.91000366210938,133119
2024-08-06 15:16:00-04:00,207.93499755859375,207.94000244140625,207.39999389648438,207.52000427246094,107829
2024-08-06 15:17:00-04:00,207.5500946044922,207.9199981689453,207.5,207.86000061035156,77531
2024-08-06 15:18:00-04:00,207.88999938964844,208.17990112304688,207.82000732421875,208.00999450683594,95136
2024-08-06 15:19:00-04:00,208.0399932861328,208.0625,207.97000122070312,208.02999877929688,79233
2024-08-06 15:20:00-04:00,208.03500366210938,208.17990112304688,207.82989501953125,208.11000061035156,130721
2024-08-06 15:21:00-04:00,208.13009643554688,208.3000030517578,208.02000427246094,208.22000122070312,106644
2024-08-06 15:22:00-04:00,208.27999877929688,208.60000610351562,208.1199951171875,208.4499969482422,121598
2024-08-06 15:23:00-04:00,208.44000244140625,208.60000610351562,208.36000061035156,208.5850067138672,123426
2024-08-06 15:24:00-04:00,208.5800018310547,208.6699981689453,208.47000122070312,208.6300048828125,158236
2024-08-06 15:25:00-04:00,208.6199951171875,208.66000366210938,208.4499969482422,208.61500549316406,101164
2024-08-06 15:26:00-04:00,208.60009765625,208.6699981689453,208.38999938964844,208.52999877929688,86771
2024-08-06 15:27:00-04:00,208.52499389648438,208.5399932861328,208.34500122070312,208.35000610351562,79548
2024-08-06 15:28:00-04:00,208.35000610351562,208.50999450683594,208.0800018310547,208.5050048828125,127501
2024-08-06 15:29:00-04:00,208.52999877929688,208.6999969482422,208.4199981689453,208.5050048828125,107138
2024-08-06 15:30:00-04:00,208.5050048828125,208.58999633789062,208.25999450683594,208.44000244140625,143718
2024-08-06 15:31:00-04:00,208.42999267578125,208.5500030517578,208.28500366210938,208.47999572753906,96642
2024-08-06 15:32:00-04:00,208.4499969482422,208.4550018310547,208.00999450683594,208.27499389648438,87011
2024-08-06 15:33:00-04:00,208.27499389648438,208.3699951171875,208.1300048828125,208.3300018310547,73719
2024-08-06 15:34:00-04:00,208.3350067138672,208.36000061035156,208.0800018310547,208.22999572753906,85706
2024-08-06 15:35:00-04:00,208.22999572753906,208.2899932861328,207.9149932861328,208.02999877929688,106305
2024-08-06 15:36:00-04:00,208.01499938964844,208.02000427246094,207.74009704589844,207.90499877929688,105282
2024-08-06 15:37:00-04:00,207.89999389648438,208.2050018310547,207.88119506835938,208.03480529785156,92750
2024-08-06 15:38:00-04:00,208.03500366210938,208.11000061035156,207.8800048828125,207.88999938964844,92440
2024-08-06 15:39:00-04:00,207.86000061035156,207.99000549316406,207.75999450683594,207.76499938964844,138835
2024-08-06 15:40:00-04:00,207.75,207.99000549316406,207.75,207.96499633789062,95556
2024-08-06 15:41:00-04:00,207.97000122070312,207.99000549316406,207.74000549316406,207.74000549316406,103302
2024-08-06 15:42:00-04:00,207.75,208.1199951171875,207.75,207.9600067138672,133805
2024-08-06 15:43:00-04:00,207.97000122070312,208.0050048828125,207.8300018310547,207.97000122070312,83322
2024-08-06 15:44:00-04:00,207.96499633789062,208.07000732421875,207.8300018310547,207.9199981689453,96977
2024-08-06 15:45:00-04:00,207.92990112304688,208.33999633789062,207.85000610351562,208.30499267578125,112552
2024-08-06 15:46:00-04:00,208.13499450683594,208.13999938964844,207.94000244140625,207.9499969482422,165280
2024-08-06 15:47:00-04:00,207.9550018310547,207.9550018310547,207.5749969482422,207.5800018310547,146311
2024-08-06 15:48:00-04:00,207.56500244140625,207.77999877929688,207.4600067138672,207.7310028076172,179418
2024-08-06 15:49:00-04:00,207.74000549316406,207.77999877929688,207.6116943359375,207.66000366210938,126693
2024-08-06 15:50:00-04:00,207.66000366210938,207.8000030517578,207.36000061035156,207.5,190724
2024-08-06 15:51:00-04:00,207.52999877929688,207.5500030517578,207.44500732421875,207.46499633789062,304156
2024-08-06 15:52:00-04:00,207.47000122070312,207.47999572753906,207.00100708007812,207.02000427246094,270128
2024-08-06 15:53:00-04:00,207.01100158691406,207.35000610351562,207.01100158691406,207.07000732421875,217130
2024-08-06 15:54:00-04:00,207.0749969482422,207.22250366210938,206.58999633789062,206.72000122070312,347407
2024-08-06 15:55:00-04:00,206.74000549316406,207.27000427246094,206.7050018310547,206.7100067138672,407245
2024-08-06 15:56:00-04:00,206.72000122070312,206.8000030517578,206.5399932861328,206.76499938964844,297338
2024-08-06 15:57:00-04:00,206.76499938964844,206.9499969482422,206.39999389648438,206.74000549316406,394954
2024-08-06 15:58:00-04:00,206.72999572753906,206.89500427246094,206.42689514160156,206.60000610351562,483981
2024-08-06 15:59:00-04:00,206.58999633789062,207.22999572753906,206.58999633789062,207.125,1340343
2024-08-07 09:30:00-04:00,206.88999938964844,208.35000610351562,206.41000366210938,208.27499389648438,4642127
2024-08-07 09:31:00-04:00,208.3000030517578,208.92999267578125,208.2100067138672,208.69000244140625,305543
2024-08-07 09:32:00-04:00,208.6300048828125,209.35000610351562,208.5800018310547,208.98500061035156,294447
2024-08-07 09:33:00-04:00,209.0,209.41000366210938,208.72000122070312,208.99000549316406,241997
2024-08-07 09:34:00-04:00,208.9600067138672,209.75999450683594,208.89999389648438,209.72000122070312,233688
2024-08-07 09:35:00-04:00,209.74000549316406,209.82000732421875,209.39999389648438,209.64500427246094,191224
2024-08-07 09:36:00-04:00,209.6999969482422,210.4199981689453,209.6999969482422,210.05999755859375,380863
2024-08-07 09:37:00-04:00,210.05960083007812,211.0,210.02000427246094,210.9824981689453,242335
2024-08-07 09:38:00-04:00,210.9199981689453,210.9499969482422,210.6999969482422,210.7100067138672,218560
2024-08-07 09:39:00-04:00,210.72999572753906,211.49000549316406,210.72000122070312,211.13999938964844,293493
2024-08-07 09:40:00-04:00,211.14999389648438,211.45989990234375,210.97999572753906,211.1304931640625,293638
2024-08-07 09:41:00-04:00,211.13999938964844,211.63999938964844,211.1154022216797,211.63999938964844,326131
2024-08-07 09:42:00-04:00,211.6199951171875,211.63999938964844,210.75,210.97999572753906,228716
2024-08-07 09:43:00-04:00,210.99000549316406,211.25,210.5500030517578,211.24949645996094,218062
2024-08-07 09:44:00-04:00,211.22000122070312,211.4199981689453,210.9600067138672,211.38980102539062,141629
2024-08-07 09:45:00-04:00,211.3800048828125,211.44000244140625,210.92999267578125,211.3800048828125,239325
2024-08-07 09:46:00-04:00,211.36000061035156,211.7100067138672,211.17999267578125,211.43499755859375,232812
2024-08-07 09:47:00-04:00,211.42999267578125,211.6300048828125,211.1999969482422,211.3000030517578,181849
2024-08-07 09:48:00-04:00,211.3000030517578,212.1300048828125,211.3000030517578,212.02000427246094,369004
2024-08-07 09:49:00-04:00,212.0500030517578,212.0800018310547,211.8249969482422,212.0,163565
2024-08-07 09:50:00-04:00,212.02000427246094,212.30999755859375,211.98500061035156,212.13999938964844,186816
2024-08-07 09:51:00-04:00,212.13999938964844,212.2100067138672,211.35000610351562,211.47000122070312,230805
2024-08-07 09:52:00-04:00,211.4705047607422,211.8800048828125,211.46499633789062,211.61000061035156,146564
2024-08-07 09:53:00-04:00,211.5800018310547,211.63999938964844,211.30999755859375,211.5,155416
2024-08-07 09:54:00-04:00,211.52000427246094,211.75999450683594,211.35000610351562,211.75999450683594,112441
2024-08-07 09:55:00-04:00,211.77000427246094,211.77999877929688,211.27999877929688,211.41000366210938,191633
2024-08-07 09:56:00-04:00,211.40499877929688,211.67999267578125,211.22999572753906,211.6623992919922,161290
2024-08-07 09:57:00-04:00,211.6300048828125,212.0050048828125,211.55999755859375,211.91000366210938,161513
2024-08-07 09:58:00-04:00,211.91709899902344,212.1199951171875,211.72000122070312,211.9600067138672,142817
2024-08-07 09:59:00-04:00,211.9499969482422,212.42999267578125,211.94500732421875,212.39999389648438,257014
2024-08-07 10:00:00-04:00,212.42999267578125,212.77999877929688,212.39500427246094,212.66140747070312,239526
2024-08-07 10:01:00-04:00,212.6699981689453,212.8199005126953,212.58999633789062,212.72000122070312,221651
2024-08-07 10:02:00-04:00,212.7100067138672,212.89999389648438,212.52999877929688,212.59500122070312,220480
2024-08-07 10:03:00-04:00,212.58999633789062,212.61000061035156,212.2100067138672,212.41940307617188,171059
2024-08-07 10:04:00-04:00,212.42999267578125,212.57000732421875,211.8699951171875,211.90499877929688,210735
2024-08-07 10:05:00-04:00,211.90499877929688,212.1999053955078,211.75999450683594,212.0800018310547,201774
2024-08-07 10:06:00-04:00,212.0850067138672,212.14990234375,211.86000061035156,211.9199981689453,139885
2024-08-07 10:07:00-04:00,211.89999389648438,212.02999877929688,211.82000732421875,211.85000610351562,108950
2024-08-07 10:08:00-04:00,211.83999633789062,212.05999755859375,211.82000732421875,211.9600067138672,115755
2024-08-07 10:09:00-04:00,211.97000122070312,212.49000549316406,211.9600067138672,212.47500610351562,135242
2024-08-07 10:10:00-04:00,212.4499969482422,212.61000061035156,212.3000030517578,212.39999389648438,149096
2024-08-07 10:11:00-04:00,212.41000366210938,212.66050720214844,212.27999877929688,212.27999877929688,151841
2024-08-07 10:12:00-04:00,212.2899932861328,212.4499969482422,212.05999755859375,212.0850067138672,147238
2024-08-07 10:13:00-04:00,212.07000732421875,212.25599670410156,211.9199981689453,212.19520568847656,150907
2024-08-07 10:14:00-04:00,212.19500732421875,212.21499633789062,211.8699951171875,211.9600067138672,93233
2024-08-07 10:15:00-04:00,212.00270080566406,212.20989990234375,211.9600067138672,212.11000061035156,95342
2024-08-07 10:16:00-04:00,212.11990356445312,212.139892578125,211.5399932861328,211.56500244140625,185249
2024-08-07 10:17:00-04:00,211.5500030517578,211.77999877929688,211.36000061035156,211.4508056640625,122433
2024-08-07 10:18:00-04:00,211.4604034423828,211.52000427246094,211.0500030517578,211.11500549316406,226267
2024-08-07 10:19:00-04:00,211.11810302734375,211.2147979736328,210.80999755859375,210.97999572753906,218664
2024-08-07 10:20:00-04:00,210.9600067138672,211.41000366210938,210.9600067138672,211.41000366210938,133001
2024-08-07 10:21:00-04:00,211.42999267578125,211.5800018310547,211.25999450683594,211.47999572753906,111553
2024-08-07 10:22:00-04:00,211.49000549316406,211.83999633789062,211.49000549316406,211.76109313964844,113707
2024-08-07 10:23:00-04:00,211.8000030517578,212.02999877929688,211.6999969482422,211.89999389648438,136660
2024-08-07 10:24:00-04:00,211.92999267578125,212.1300048828125,211.75999450683594,211.83999633789062,144322
2024-08-07 10:25:00-04:00,211.8800048828125,212.08999633789062,211.71009826660156,212.02000427246094,98477
2024-08-07 10:26:00-04:00,212.02499389648438,212.1699981689453,211.77059936523438,211.77999877929688,99815
2024-08-07 10:27:00-04:00,211.82000732421875,212.07000732421875,211.77000427246094,211.8300018310547,124307
2024-08-07 10:28:00-04:00,211.82000732421875,211.82000732421875,211.1699981689453,211.3800048828125,167914
2024-08-07 10:29:00-04:00,211.39999389648438,211.85000610351562,211.39999389648438,211.6999969482422,94268
2024-08-07 10:30:00-04:00,211.69000244140625,211.88999938964844,211.47000122070312,211.85499572753906,101421
2024-08-07 10:31:00-04:00,211.9149932861328,212.0,211.72999572753906,211.8000030517578,125966
2024-08-07 10:32:00-04:00,211.85000610351562,212.3000030517578,211.7899932861328,212.22000122070312,153934
2024-08-07 10:33:00-04:00,212.2050018310547,212.36000061035156,212.10000610351562,212.26010131835938,88359
2024-08-07 10:34:00-04:00,212.2899932861328,212.44000244140625,212.13999938964844,212.24000549316406,144796
2024-08-07 10:35:00-04:00,212.19000244140625,212.3800048828125,212.13690185546875,212.3000030517578,119829
2024-08-07 10:36:00-04:00,212.30499267578125,212.42250061035156,212.11000061035156,212.39999389648438,156466
2024-08-07 10:37:00-04:00,212.39999389648438,212.55999755859375,212.13999938964844,212.52000427246094,162513
2024-08-07 10:38:00-04:00,212.50999450683594,212.5500030517578,212.3802032470703,212.52000427246094,95800
2024-08-07 10:39:00-04:00,212.5500030517578,212.5500030517578,212.19000244140625,212.21499633789062,106500
2024-08-07 10:40:00-04:00,212.2100067138672,212.48330688476562,212.2100067138672,212.47000122070312,83708
2024-08-07 10:41:00-04:00,212.4600067138672,212.6226043701172,212.2899932861328,212.4600067138672,140119
2024-08-07 10:42:00-04:00,212.47999572753906,212.8000030517578,212.45010375976562,212.8000030517578,152737
2024-08-07 10:43:00-04:00,212.8000030517578,212.86000061035156,212.63999938964844,212.6699981689453,123337
2024-08-07 10:44:00-04:00,212.7100067138672,212.8699951171875,212.6699981689453,212.82000732421875,99752
2024-08-07 10:45:00-04:00,212.82000732421875,213.0399932861328,212.73500061035156,212.97999572753906,281329
2024-08-07 10:46:00-04:00,212.97999572753906,213.08999633789062,212.82000732421875,212.96009826660156,123406
2024-08-07 10:47:00-04:00,212.9600067138672,213.30999755859375,212.92999267578125,213.2050018310547,139483
2024-08-07 10:48:00-04:00,213.20989990234375,213.3000030517578,213.10000610351562,213.1300048828125,88147
2024-08-07 10:49:00-04:00,213.1300048828125,213.36000061035156,213.10000610351562,213.36000061035156,100763
2024-08-07 10:50:00-04:00,213.35499572753906,213.3699951171875,213.05999755859375,213.29010009765625,100824
2024-08-07 10:51:00-04:00,213.3300018310547,213.4199981689453,213.2949981689453,213.39010620117188,74776
2024-08-07 10:52:00-04:00,213.39999389648438,213.47000122070312,213.22239685058594,213.22239685058594,103753
2024-08-07 10:53:00-04:00,213.22000122070312,213.41000366210938,213.2100067138672,213.23500061035156,103955
2024-08-07 10:54:00-04:00,213.23500061035156,213.2799072265625,212.85000610351562,213.02999877929688,129423
2024-08-07 10:55:00-04:00,213.02999877929688,213.1999969482422,212.9149932861328,212.99000549316406,105460
2024-08-07 10:56:00-04:00,212.97999572753906,213.0399932861328,212.8509979248047,212.8699951171875,114700
2024-08-07 10:57:00-04:00,212.8800048828125,213.0,212.72000122070312,212.9600067138672,100533
2024-08-07 10:58:00-04:00,212.97999572753906,213.22000122070312,212.97999572753906,213.1300048828125,105089
2024-08-07 10:59:00-04:00,213.13099670410156,213.2252960205078,213.05999755859375,213.14999389648438,69290
2024-08-07 11:00:00-04:00,213.17999267578125,213.1999969482422,212.98500061035156,213.07000732421875,111104
2024-08-07 11:01:00-04:00,213.0800018310547,213.16990661621094,212.8000030517578,212.83999633789062,95920
2024-08-07 11:02:00-04:00,212.8300018310547,212.9499969482422,212.64999389648438,212.9199981689453,129711
2024-08-07 11:03:00-04:00,212.9199981689453,213.14999389648438,212.91000366210938,213.00999450683594,100361
2024-08-07 11:04:00-04:00,213.02000427246094,213.30999755859375,213.02000427246094,213.30999755859375,85836
2024-08-07 11:05:00-04:00,213.25999450683594,213.35459899902344,213.1199951171875,213.2899932861328,67560
2024-08-07 11:06:00-04:00,213.30999755859375,213.35000610351562,213.10000610351562,213.26499938964844,90060
2024-08-07 11:07:00-04:00,213.30499267578125,213.49000549316406,213.1999969482422,213.47000122070312,123355
2024-08-07 11:08:00-04:00,213.5,213.5399932861328,213.32949829101562,213.39999389648438,98262
2024-08-07 11:09:00-04:00,213.39999389648438,213.44000244140625,213.25999450683594,213.41000366210938,61874
2024-08-07 11:10:00-04:00,213.41000366210938,213.58999633789062,213.13999938964844,213.1759033203125,145089
2024-08-07 11:11:00-04:00,213.1999969482422,213.27749633789062,213.02000427246094,213.14999389648438,58108
2024-08-07 11:13:00-04:00,213.1999969482422,213.27999877929688,213.0500030517578,213.10000610351562,287740
2024-08-07 11:14:00-04:00,213.0800018310547,213.22000122070312,212.9199981689453,213.2100067138672,90196
2024-08-07 11:15:00-04:00,213.21499633789062,213.39999389648438,213.19000244140625,213.19000244140625,85622
2024-08-07 11:16:00-04:00,213.19000244140625,213.25999450683594,213.00999450683594,213.0399932861328,67313
2024-08-07 11:17:00-04:00,213.05999755859375,213.2100067138672,212.92999267578125,213.1699981689453,83787
2024-08-07 11:18:00-04:00,213.15890502929688,213.15890502929688,212.8800048828125,212.9199981689453,95520
2024-08-07 11:19:00-04:00,212.9600067138672,213.14999389648438,212.9600067138672,213.14500427246094,64517
2024-08-07 11:20:00-04:00,213.13999938964844,213.2100067138672,213.00999450683594,213.1699981689453,84852
2024-08-07 11:21:00-04:00,213.14999389648438,213.1929931640625,213.0399932861328,213.16000366210938,66230
2024-08-07 11:22:00-04:00,213.1699981689453,213.25,213.08009338378906,213.08999633789062,48373
2024-08-07 11:23:00-04:00,213.1199951171875,213.22000122070312,213.0200958251953,213.19500732421875,104155
2024-08-07 11:24:00-04:00,213.1999969482422,213.2100067138672,213.0500030517578,213.07000732421875,72642
2024-08-07 11:25:00-04:00,213.0449981689453,213.05999755859375,212.83999633789062,212.97999572753906,123961
2024-08-07 11:26:00-04:00,212.99000549316406,213.0,212.8300018310547,212.91000366210938,76714
2024-08-07 11:27:00-04:00,212.90499877929688,212.97000122070312,212.77000427246094,212.90499877929688,72764
2024-08-07 11:28:00-04:00,212.92999267578125,213.1999969482422,212.92999267578125,213.17999267578125,101476
2024-08-07 11:29:00-04:00,213.18499755859375,213.25999450683594,213.0695037841797,213.16000366210938,78248
2024-08-07 11:30:00-04:00,213.12399291992188,213.2899932861328,213.07000732421875,213.2200927734375,60794
2024-08-07 11:31:00-04:00,213.24000549316406,213.27999877929688,213.1300048828125,213.25999450683594,71008
2024-08-07 11:32:00-04:00,213.2790985107422,213.3699951171875,213.2449951171875,213.3699951171875,77675
2024-08-07 11:33:00-04:00,213.36509704589844,213.39999389648438,213.1999969482422,213.24000549316406,68446
2024-08-07 11:34:00-04:00,213.22500610351562,213.35499572753906,213.12010192871094,213.35499572753906,92453
2024-08-07 11:35:00-04:00,213.33999633789062,213.5500030517578,213.33999633789062,213.47000122070312,158102
2024-08-07 11:36:00-04:00,213.47999572753906,213.63999938964844,213.4499969482422,213.58999633789062,137973
2024-08-07 11:37:00-04:00,213.61000061035156,213.61000061035156,213.25999450683594,213.38999938964844,113419
2024-08-07 11:38:00-04:00,213.38999938964844,213.47999572753906,213.3000030517578,213.3800048828125,59066
2024-08-07 11:39:00-04:00,213.38999938964844,213.47999572753906,213.27999877929688,213.41000366210938,96240
2024-08-07 11:40:00-04:00,213.40269470214844,213.40269470214844,213.13999938964844,213.23500061035156,97715
2024-08-07 11:41:00-04:00,213.22999572753906,213.36000061035156,213.11000061035156,213.14500427246094,113749
2024-08-07 11:42:00-04:00,213.16000366210938,213.38999938964844,213.13999938964844,213.2899932861328,60565
2024-08-07 11:43:00-04:00,213.33999633789062,213.33999633789062,213.0800018310547,213.16000366210938,69169
2024-08-07 11:44:00-04:00,213.1300048828125,213.16000366210938,212.47999572753906,212.48190307617188,171268
2024-08-07 11:45:00-04:00,212.49000549316406,212.55999755859375,212.16000366210938,212.1999969482422,194041
2024-08-07 11:46:00-04:00,212.22999572753906,212.50999450683594,212.1199951171875,212.3300018310547,116267
2024-08-07 11:47:00-04:00,212.31500244140625,212.39999389648438,212.1699981689453,212.32000732421875,129120
2024-08-07 11:48:00-04:00,212.31089782714844,212.33999633789062,212.00999450683594,212.05999755859375,153729
2024-08-07 11:49:00-04:00,212.05999755859375,212.22999572753906,211.9600067138672,212.16000366210938,179936
2024-08-07 11:50:00-04:00,212.17999267578125,212.3300018310547,212.1300048828125,212.32989501953125,68681
2024-08-07 11:51:00-04:00,212.32000732421875,212.6999969482422,212.32000732421875,212.61000061035156,97830
2024-08-07 11:52:00-04:00,212.58999633789062,212.68499755859375,212.44000244140625,212.44000244140625,73407
2024-08-07 11:53:00-04:00,212.4499969482422,212.60000610351562,212.42999267578125,212.5,84695
2024-08-07 11:54:00-04:00,212.48500061035156,212.5800018310547,212.4199981689453,212.5399932861328,44045
2024-08-07 11:55:00-04:00,212.5500030517578,212.6199951171875,212.35000610351562,212.4199981689453,51373
2024-08-07 11:56:00-04:00,212.39999389648438,212.44000244140625,212.30999755859375,212.38499450683594,38347
2024-08-07 11:57:00-04:00,212.3800048828125,212.55999755859375,212.3699951171875,212.52000427246094,51084
2024-08-07 11:58:00-04:00,212.52000427246094,212.63999938964844,212.5,212.6300048828125,53136
2024-08-07 11:59:00-04:00,212.61500549316406,212.61610412597656,212.4949951171875,212.57989501953125,50480
2024-08-07 12:00:00-04:00,212.58999633789062,212.58999633789062,212.33009338378906,212.4600067138672,72226
2024-08-07 12:01:00-04:00,212.4600067138672,212.55499267578125,212.2100067138672,212.36000061035156,68631
2024-08-07 12:02:00-04:00,212.3249969482422,212.3791961669922,212.12049865722656,212.1414031982422,52311
2024-08-07 12:03:00-04:00,212.16000366210938,212.2100067138672,211.58009338378906,211.60000610351562,169970
2024-08-07 12:04:00-04:00,211.5800018310547,211.61000061035156,211.17999267578125,211.4600067138672,253824
2024-08-07 12:05:00-04:00,211.44000244140625,211.90989685058594,211.42999267578125,211.82069396972656,110333
2024-08-07 12:06:00-04:00,211.78500366210938,212.10000610351562,211.72000122070312,211.94970703125,100932
2024-08-07 12:07:00-04:00,212.00999450683594,212.0399932861328,211.91000366210938,211.94020080566406,64257
2024-08-07 12:08:00-04:00,211.94000244140625,212.0998992919922,211.85000610351562,212.02999877929688,53445
2024-08-07 12:09:00-04:00,212.0,212.07000732421875,211.83999633789062,211.84500122070312,63816
2024-08-07 12:10:00-04:00,211.82000732421875,211.99000549316406,211.7899932861328,211.97000122070312,40528
2024-08-07 12:11:00-04:00,211.99000549316406,212.1999969482422,211.97999572753906,212.0301055908203,66562
2024-08-07 12:12:00-04:00,212.0449981689453,212.22999572753906,211.98500061035156,212.1300048828125,53157
2024-08-07 12:13:00-04:00,212.1199951171875,212.23989868164062,212.08999633789062,212.1999969482422,50589
2024-08-07 12:14:00-04:00,212.19500732421875,212.27000427246094,212.08999633789062,212.24009704589844,160168
2024-08-07 12:15:00-04:00,212.22999572753906,212.33990478515625,212.08999633789062,212.14500427246094,70353
2024-08-07 12:16:00-04:00,212.10000610351562,212.22000122070312,212.0,212.22000122070312,50380
2024-08-07 12:17:00-04:00,212.2071075439453,212.27999877929688,212.1199951171875,212.1300048828125,42562
2024-08-07 12:18:00-04:00,212.11000061035156,212.24000549316406,212.11000061035156,212.16000366210938,34095
2024-08-07 12:19:00-04:00,212.14999389648438,212.22999572753906,212.08999633789062,212.1699981689453,52421
2024-08-07 12:20:00-04:00,212.16009521484375,212.4199981689453,211.97999572753906,212.3800048828125,97840
2024-08-07 12:21:00-04:00,212.38999938964844,212.6199951171875,212.33999633789062,212.53700256347656,84206
2024-08-07 12:22:00-04:00,212.5449981689453,212.61500549316406,212.25999450683594,212.39999389648438,77294
2024-08-07 12:23:00-04:00,212.38999938964844,212.54139709472656,212.3300018310547,212.52000427246094,45453
2024-08-07 12:24:00-04:00,212.52000427246094,212.6280059814453,212.4199981689453,212.57000732421875,43773
2024-08-07 12:25:00-04:00,212.58999633789062,212.63999938964844,212.38499450683594,212.38999938964844,52874
2024-08-07 12:26:00-04:00,212.38999938964844,212.46629333496094,212.36000061035156,212.4499969482422,30615
2024-08-07 12:27:00-04:00,212.42999267578125,212.55999755859375,212.32000732421875,212.55999755859375,35468
2024-08-07 12:28:00-04:00,212.5500946044922,212.80999755859375,212.5500946044922,212.57000732421875,99223
2024-08-07 12:29:00-04:00,212.53939819335938,212.64999389648438,212.53939819335938,212.5850067138672,29708
2024-08-07 12:30:00-04:00,212.59970092773438,212.7091064453125,212.5800018310547,212.64999389648438,544218
2024-08-07 12:31:00-04:00,212.64999389648438,212.6999969482422,212.42999267578125,212.4550018310547,68011
2024-08-07 12:32:00-04:00,212.47000122070312,212.64999389648438,212.47000122070312,212.58999633789062,57217
2024-08-07 12:33:00-04:00,212.57000732421875,212.77000427246094,212.50999450683594,212.74139404296875,49508
2024-08-07 12:34:00-04:00,212.7449951171875,212.8800048828125,212.64999389648438,212.85000610351562,50437
2024-08-07 12:35:00-04:00,212.83999633789062,212.91000366210938,212.7801055908203,212.8000030517578,43948
2024-08-07 12:36:00-04:00,212.82009887695312,212.97000122070312,212.8009033203125,212.9499969482422,44565
2024-08-07 12:37:00-04:00,212.9698944091797,212.9698944091797,212.6800994873047,212.7095947265625,64399
2024-08-07 12:38:00-04:00,212.67999267578125,212.77859497070312,212.66000366210938,212.72999572753906,43397
2024-08-07 12:39:00-04:00,212.7100067138672,212.77999877929688,212.64999389648438,212.64999389648438,29347
2024-08-07 12:40:00-04:00,212.68069458007812,212.86000061035156,212.63999938964844,212.8000030517578,62520
2024-08-07 12:41:00-04:00,212.82000732421875,212.8350067138672,212.6699981689453,212.72000122070312,35007
2024-08-07 12:42:00-04:00,212.74000549316406,212.77999877929688,212.46029663085938,212.48500061035156,61551
2024-08-07 12:43:00-04:00,212.47000122070312,212.47000122070312,212.19000244140625,212.22999572753906,84077
2024-08-07 12:44:00-04:00,212.22999572753906,212.22999572753906,212.07000732421875,212.11000061035156,65046
2024-08-07 12:45:00-04:00,212.13999938964844,212.36000061035156,212.0500030517578,212.10000610351562,87388
2024-08-07 12:46:00-04:00,212.10499572753906,212.3300018310547,212.02999877929688,212.0500030517578,71186
2024-08-07 12:47:00-04:00,212.0500030517578,212.14999389648438,211.8300018310547,211.8404998779297,77020
2024-08-07 12:48:00-04:00,211.83999633789062,211.99000549316406,211.82000732421875,211.89999389648438,62256
2024-08-07 12:49:00-04:00,211.88499450683594,211.97999572753906,211.83999633789062,211.88999938964844,46580
2024-08-07 12:50:00-04:00,211.91000366210938,211.94000244140625,211.66009521484375,211.7050018310547,66859
2024-08-07 12:51:00-04:00,211.7100067138672,211.9199981689453,211.55999755859375,211.85499572753906,108209
2024-08-07 12:52:00-04:00,211.86000061035156,211.97000122070312,211.72999572753906,211.76499938964844,56805
2024-08-07 12:53:00-04:00,211.75,211.75,211.52000427246094,211.66000366210938,96668
2024-08-07 12:54:00-04:00,211.6999969482422,211.70989990234375,211.47000122070312,211.5,136960
2024-08-07 12:55:00-04:00,211.50999450683594,211.7100067138672,211.4300994873047,211.60000610351562,102468
2024-08-07 12:56:00-04:00,211.58999633789062,211.8199005126953,211.47999572753906,211.69500732421875,63500
2024-08-07 12:57:00-04:00,211.74000549316406,211.8300018310547,211.6699981689453,211.7751007080078,46229
2024-08-07 12:58:00-04:00,211.77499389648438,211.83999633789062,211.62010192871094,211.7198944091797,53907
2024-08-07 12:59:00-04:00,211.70230102539062,211.74000549316406,211.52999877929688,211.55499267578125,61807
2024-08-07 13:00:00-04:00,211.5399932861328,211.7899932861328,211.50999450683594,211.75999450683594,76358
2024-08-07 13:01:00-04:00,211.77000427246094,211.85000610351562,211.70010375976562,211.75,87731
2024-08-07 13:02:00-04:00,211.75010681152344,211.8000030517578,211.34500122070312,211.35870361328125,137937
2024-08-07 13:03:00-04:00,211.3300018310547,211.69000244140625,211.3249969482422,211.5449981689453,89261
2024-08-07 13:04:00-04:00,211.5749969482422,211.65989685058594,211.42999267578125,211.50999450683594,73984
2024-08-07 13:05:00-04:00,211.47500610351562,211.56500244140625,211.33999633789062,211.4550018310547,55186
2024-08-07 13:06:00-04:00,211.4499969482422,211.69000244140625,211.4499969482422,211.6199951171875,80441
2024-08-07 13:07:00-04:00,211.61000061035156,211.6999969482422,211.55499267578125,211.6750030517578,54807
2024-08-07 13:08:00-04:00,211.68499755859375,211.82000732421875,211.52000427246094,211.52000427246094,82320
2024-08-07 13:09:00-04:00,211.52000427246094,211.5699005126953,211.17999267578125,211.17999267578125,152476
2024-08-07 13:10:00-04:00,211.18499755859375,211.35000610351562,211.13999938964844,211.27000427246094,102886
2024-08-07 13:11:00-04:00,211.24000549316406,211.25,210.91000366210938,210.95010375976562,116127
2024-08-07 13:12:00-04:00,210.98500061035156,211.05999755859375,210.86000061035156,210.9698944091797,98017
2024-08-07 13:13:00-04:00,210.9199981689453,211.25999450683594,210.8800048828125,211.0800018310547,108967
2024-08-07 13:14:00-04:00,211.05999755859375,211.29420471191406,211.05979919433594,211.27259826660156,119577
2024-08-07 13:15:00-04:00,211.25,211.25,211.0,211.20010375976562,55428
2024-08-07 13:16:00-04:00,211.22000122070312,211.22999572753906,211.0500030517578,211.11000061035156,55963
2024-08-07 13:17:00-04:00,211.1199951171875,211.1300048828125,210.8699951171875,210.88999938964844,55015
2024-08-07 13:18:00-04:00,210.88999938964844,210.88999938964844,210.35000610351562,210.38999938964844,208502
2024-08-07 13:19:00-04:00,210.39999389648438,210.89999389648438,210.3614044189453,210.83999633789062,116950
2024-08-07 13:20:00-04:00,210.85769653320312,211.2899932861328,210.84010314941406,211.25999450683594,111083
2024-08-07 13:21:00-04:00,211.27000427246094,211.4199981689453,211.1300048828125,211.36000061035156,88043
2024-08-07 13:22:00-04:00,211.3699951171875,211.47999572753906,211.27999877929688,211.33999633789062,93571
2024-08-07 13:23:00-04:00,211.33999633789062,211.55499267578125,211.24000549316406,211.4600067138672,83947
2024-08-07 13:24:00-04:00,211.47999572753906,211.5500030517578,211.39999389648438,211.52999877929688,75840
2024-08-07 13:25:00-04:00,211.53970336914062,211.6999969482422,211.47000122070312,211.63999938964844,64093
2024-08-07 13:26:00-04:00,211.66000366210938,211.66000366210938,211.47000122070312,211.57000732421875,60101
2024-08-07 13:27:00-04:00,211.57000732421875,211.64999389648438,211.4600067138672,211.50999450683594,48713
2024-08-07 13:28:00-04:00,211.50999450683594,211.5500030517578,211.16000366210938,211.16000366210938,100523
2024-08-07 13:29:00-04:00,211.16000366210938,211.17999267578125,210.9499969482422,211.0399932861328,117290
2024-08-07 13:30:00-04:00,211.0399932861328,211.24000549316406,211.00999450683594,211.1199951171875,76891
2024-08-07 13:31:00-04:00,211.11000061035156,211.25,211.05999755859375,211.1374053955078,68290
2024-08-07 13:32:00-04:00,211.13380432128906,211.2100067138672,211.0500030517578,211.0500030517578,52112
2024-08-07 13:33:00-04:00,211.02999877929688,211.10000610351562,210.9199981689453,210.9199981689453,56683
2024-08-07 13:34:00-04:00,210.91000366210938,211.13999938964844,210.86500549316406,211.08009338378906,101826
2024-08-07 13:35:00-04:00,211.07000732421875,211.2100067138672,211.0500030517578,211.0749969482422,105478
2024-08-07 13:36:00-04:00,211.06100463867188,211.11000061035156,210.97999572753906,211.05990600585938,64067
2024-08-07 13:37:00-04:00,211.0500030517578,211.27499389648438,210.97999572753906,211.2449951171875,110572
2024-08-07 13:38:00-04:00,211.24249267578125,211.49000549316406,211.22000122070312,211.4250030517578,72617
2024-08-07 13:39:00-04:00,211.4575958251953,211.47999572753906,211.25,211.25,73336
2024-08-07 13:40:00-04:00,211.25999450683594,211.49000549316406,211.2364044189453,211.4228057861328,45452
2024-08-07 13:41:00-04:00,211.4199981689453,211.47000122070312,211.14500427246094,211.14500427246094,54366
2024-08-07 13:42:00-04:00,211.14500427246094,211.25,211.08999633789062,211.24000549316406,50258
2024-08-07 13:43:00-04:00,211.2449951171875,211.33999633789062,211.13999938964844,211.32000732421875,48621
2024-08-07 13:44:00-04:00,211.3300018310547,211.35000610351562,211.24000549316406,211.27999877929688,24803
2024-08-07 13:45:00-04:00,211.27000427246094,211.44000244140625,211.25999450683594,211.33999633789062,40998
2024-08-07 13:46:00-04:00,211.3300018310547,211.37139892578125,211.0500030517578,211.1300048828125,45258
2024-08-07 13:47:00-04:00,211.1999969482422,211.24000549316406,210.8699951171875,210.92999267578125,71336
2024-08-07 13:48:00-04:00,210.9499969482422,211.0590057373047,210.72999572753906,210.75999450683594,83688
2024-08-07 13:49:00-04:00,210.77999877929688,210.98489379882812,210.7783966064453,210.82130432128906,66131
2024-08-07 13:50:00-04:00,210.85000610351562,210.92999267578125,210.6300048828125,210.92999267578125,61251
2024-08-07 13:51:00-04:00,210.8804931640625,210.97000122070312,210.77999877929688,210.86000061035156,60341
2024-08-07 13:52:00-04:00,210.8699951171875,210.8699951171875,210.58810424804688,210.6199951171875,79156
2024-08-07 13:53:00-04:00,210.6199951171875,210.85000610351562,210.60000610351562,210.80499267578125,44024
2024-08-07 13:54:00-04:00,210.8000030517578,210.9600067138672,210.78990173339844,210.7906036376953,74649
2024-08-07 13:55:00-04:00,210.80760192871094,210.8699951171875,210.74000549316406,210.85000610351562,41282
2024-08-07 13:56:00-04:00,210.88999938964844,210.91000366210938,210.7100067138672,210.74020385742188,67227
2024-08-07 13:57:00-04:00,210.74000549316406,210.8386993408203,210.7100067138672,210.80999755859375,55328
2024-08-07 13:58:00-04:00,210.80999755859375,210.91990661621094,210.64999389648438,210.7100067138672,59435
2024-08-07 13:59:00-04:00,210.78500366210938,210.9600067138672,210.74000549316406,210.92999267578125,87782
2024-08-07 14:00:00-04:00,210.89999389648438,211.08999633789062,210.84500122070312,211.00999450683594,136175
2024-08-07 14:01:00-04:00,211.0,211.16000366210938,210.9550018310547,211.1199951171875,92984
2024-08-07 14:02:00-04:00,211.1199951171875,211.27999877929688,211.11000061035156,211.13999938964844,57080
2024-08-07 14:03:00-04:00,211.1199951171875,211.17799377441406,211.0200958251953,211.0200958251953,48243
2024-08-07 14:04:00-04:00,211.0200958251953,211.14999389648438,210.9199981689453,211.11000061035156,97205
2024-08-07 14:05:00-04:00,211.0800018310547,211.25999450683594,210.92999267578125,210.9550018310547,70858
2024-08-07 14:06:00-04:00,210.9425048828125,211.07000732421875,210.8968048095703,211.05999755859375,60045
2024-08-07 14:07:00-04:00,211.07000732421875,211.10000610351562,210.63499450683594,210.63499450683594,73945
2024-08-07 14:08:00-04:00,210.6199951171875,210.97999572753906,210.60000610351562,210.9600067138672,52915
2024-08-07 14:09:00-04:00,210.97000122070312,210.97999572753906,210.6699981689453,210.7960968017578,57290
2024-08-07 14:10:00-04:00,210.81500244140625,210.94000244140625,210.5,210.6300048828125,66944
2024-08-07 14:11:00-04:00,210.6343994140625,210.64999389648438,210.32000732421875,210.33999633789062,122878
2024-08-07 14:12:00-04:00,210.32000732421875,210.44000244140625,210.1999969482422,210.30999755859375,107907
2024-08-07 14:13:00-04:00,210.3199005126953,210.3199005126953,210.02000427246094,210.2050018310547,87000
2024-08-07 14:14:00-04:00,210.2100067138672,210.38999938964844,210.1300048828125,210.3699951171875,85878
2024-08-07 14:15:00-04:00,210.36000061035156,210.4600067138672,210.02000427246094,210.10159301757812,104856
2024-08-07 14:16:00-04:00,210.1300048828125,210.4600067138672,210.1300048828125,210.42999267578125,112540
2024-08-07 14:17:00-04:00,210.48899841308594,210.72000122070312,210.43499755859375,210.66000366210938,167942
2024-08-07 14:18:00-04:00,210.66000366210938,210.69000244140625,210.17999267578125,210.22999572753906,89367
2024-08-07 14:19:00-04:00,210.2100067138672,210.42999267578125,210.19000244140625,210.33999633789062,74726
2024-08-07 14:20:00-04:00,210.36000061035156,210.47000122070312,210.2949981689453,210.389892578125,67819
2024-08-07 14:21:00-04:00,210.375,210.60000610351562,210.375,210.47999572753906,97652
2024-08-07 14:22:00-04:00,210.55999755859375,210.60000610351562,210.4499969482422,210.52999877929688,55825
2024-08-07 14:23:00-04:00,210.52999877929688,210.83999633789062,210.52999877929688,210.78990173339844,382076
2024-08-07 14:24:00-04:00,210.77000427246094,210.79989624023438,210.57000732421875,210.79989624023438,266738
2024-08-07 14:25:00-04:00,210.8000030517578,211.1300048828125,210.77000427246094,211.10000610351562,163658
2024-08-07 14:26:00-04:00,211.0500030517578,211.14999389648438,210.92999267578125,211.08999633789062,110130
2024-08-07 14:27:00-04:00,211.06500244140625,211.2595977783203,210.99000549316406,211.02000427246094,118795
2024-08-07 14:28:00-04:00,211.03500366210938,211.13999938964844,211.0,211.00999450683594,57839
2024-08-07 14:29:00-04:00,211.02000427246094,211.08999633789062,210.92999267578125,211.05999755859375,64644
2024-08-07 14:30:00-04:00,211.02000427246094,211.02000427246094,210.7100067138672,210.83999633789062,86233
2024-08-07 14:31:00-04:00,210.80999755859375,210.95989990234375,210.44000244140625,210.5399932861328,74622
2024-08-07 14:32:00-04:00,210.5050048828125,210.52999877929688,210.30999755859375,210.41000366210938,76564
2024-08-07 14:33:00-04:00,210.44000244140625,210.6699981689453,210.3000030517578,210.4199981689453,56408
2024-08-07 14:34:00-04:00,210.4499969482422,210.50999450683594,210.27999877929688,210.37010192871094,43910
2024-08-07 14:35:00-04:00,210.36000061035156,210.47000122070312,210.27999877929688,210.2899932861328,76317
2024-08-07 14:36:00-04:00,210.2899932861328,210.4600067138672,210.13999938964844,210.14999389648438,117179
2024-08-07 14:37:00-04:00,210.15499877929688,210.27999877929688,210.00999450683594,210.189697265625,129348
2024-08-07 14:38:00-04:00,210.1699981689453,210.25,209.66000366210938,209.69000244140625,237745
2024-08-07 14:39:00-04:00,209.74000549316406,209.8800048828125,209.5,209.61000061035156,296851
2024-08-07 14:40:00-04:00,209.6300048828125,209.9698944091797,209.61000061035156,209.8800048828125,100999
2024-08-07 14:41:00-04:00,209.86000061035156,209.99000549316406,209.75999450683594,209.89990234375,139351
2024-08-07 14:42:00-04:00,209.86000061035156,209.99000549316406,209.75999450683594,209.8946990966797,87849
2024-08-07 14:43:00-04:00,209.88999938964844,209.91000366210938,209.6699981689453,209.68499755859375,70970
2024-08-07 14:44:00-04:00,209.6699981689453,209.6999969482422,209.53250122070312,209.6300048828125,54786
2024-08-07 14:45:00-04:00,209.58999633789062,209.77999877929688,209.5800018310547,209.68499755859375,50039
2024-08-07 14:46:00-04:00,209.69000244140625,209.8300018310547,209.6300048828125,209.7747039794922,62603
2024-08-07 14:47:00-04:00,209.75999450683594,209.7790069580078,209.16000366210938,209.26499938964844,158012
2024-08-07 14:48:00-04:00,209.27999877929688,209.3699951171875,209.10000610351562,209.125,91851
2024-08-07 14:49:00-04:00,209.11000061035156,209.47000122070312,209.10000610351562,209.47000122070312,106317
2024-08-07 14:50:00-04:00,209.47000122070312,209.47999572753906,209.26930236816406,209.47000122070312,76831
2024-08-07 14:51:00-04:00,209.44000244140625,209.5,209.03599548339844,209.0800018310547,92305
2024-08-07 14:52:00-04:00,209.0800018310547,209.24159240722656,209.0800018310547,209.16000366210938,63656
2024-08-07 14:53:00-04:00,209.16000366210938,209.35069274902344,209.02000427246094,209.35069274902344,74179
2024-08-07 14:54:00-04:00,209.35000610351562,209.3699951171875,209.1649932861328,209.1999969482422,49883
2024-08-07 14:55:00-04:00,209.2050018310547,209.42999267578125,209.1199951171875,209.24000549316406,98775
2024-08-07 14:56:00-04:00,209.22000122070312,209.32000732421875,209.1199951171875,209.31500244140625,80297
2024-08-07 14:57:00-04:00,209.31320190429688,209.3800048828125,209.06500244140625,209.07000732421875,99091
2024-08-07 14:58:00-04:00,209.08999633789062,209.22000122070312,209.07000732421875,209.13999938964844,71367
2024-08-07 14:59:00-04:00,209.14999389648438,209.30499267578125,208.88999938964844,208.94000244140625,110242
2024-08-07 15:00:00-04:00,208.94500732421875,209.1999969482422,208.80999755859375,208.82000732421875,126268
2024-08-07 15:01:00-04:00,208.80999755859375,208.80999755859375,208.47999572753906,208.72000122070312,205241
2024-08-07 15:02:00-04:00,208.72000122070312,209.60000610351562,208.7100067138672,209.5800018310547,173921
2024-08-07 15:03:00-04:00,209.5800018310547,210.08999633789062,209.52000427246094,210.05999755859375,241527
2024-08-07 15:04:00-04:00,210.06500244140625,210.39999389648438,210.02999877929688,210.3699951171875,109120
2024-08-07 15:05:00-04:00,210.3800048828125,210.48989868164062,210.14779663085938,210.46499633789062,177154
2024-08-07 15:06:00-04:00,210.4600067138672,210.57000732421875,210.25999450683594,210.3800048828125,117378
2024-08-07 15:07:00-04:00,210.3699951171875,210.3885040283203,210.0399932861328,210.0800018310547,167563
2024-08-07 15:08:00-04:00,210.11000061035156,210.30999755859375,210.0399932861328,210.2718963623047,115542
2024-08-07 15:09:00-04:00,210.3000030517578,210.35000610351562,210.17999267578125,210.2989959716797,75135
2024-08-07 15:10:00-04:00,210.30059814453125,210.4199981689453,210.25,210.397705078125,59631
2024-08-07 15:11:00-04:00,210.3699951171875,210.49000549316406,210.3000030517578,210.39990234375,89822
2024-08-07 15:12:00-04:00,210.3699951171875,210.42999267578125,210.24000549316406,210.3699951171875,74326
2024-08-07 15:13:00-04:00,210.33999633789062,210.33999633789062,209.94000244140625,210.0500030517578,108527
2024-08-07 15:14:00-04:00,210.0207061767578,210.0500030517578,209.77999877929688,209.92999267578125,108529
2024-08-07 15:15:00-04:00,209.9499969482422,210.19000244140625,209.89999389648438,210.16000366210938,72327
2024-08-07 15:16:00-04:00,210.1699981689453,210.27999877929688,210.02000427246094,210.04319763183594,64549
2024-08-07 15:17:00-04:00,210.10000610351562,210.2342071533203,210.07000732421875,210.16009521484375,49690
2024-08-07 15:18:00-04:00,210.19000244140625,210.38999938964844,210.19000244140625,210.27000427246094,70438
2024-08-07 15:19:00-04:00,210.28500366210938,210.49000549316406,210.24000549316406,210.4199981689453,70057
2024-08-07 15:20:00-04:00,210.43350219726562,210.83999633789062,210.42010498046875,210.82000732421875,153080
2024-08-07 15:21:00-04:00,210.77999877929688,210.8000030517578,210.4499969482422,210.4499969482422,104626
2024-08-07 15:22:00-04:00,210.42080688476562,210.58999633789062,210.27999877929688,210.3300018310547,73618
2024-08-07 15:23:00-04:00,210.35989379882812,210.36990356445312,210.13999938964844,210.30999755859375,61015
2024-08-07 15:24:00-04:00,210.2823944091797,210.49000549316406,210.24000549316406,210.4488067626953,88949
2024-08-07 15:25:00-04:00,210.4499969482422,210.47999572753906,210.2899932861328,210.38499450683594,55726
2024-08-07 15:26:00-04:00,210.39999389648438,210.41000366210938,210.14999389648438,210.22000122070312,68646
2024-08-07 15:27:00-04:00,210.24899291992188,210.2899932861328,210.08160400390625,210.13999938964844,60540
2024-08-07 15:28:00-04:00,210.14999389648438,210.33999633789062,210.14999389648438,210.30999755859375,66246
2024-08-07 15:29:00-04:00,210.2899932861328,210.5800018310547,210.27000427246094,210.5200958251953,71278
2024-08-07 15:30:00-04:00,210.5500030517578,210.55999755859375,210.35000610351562,210.4199981689453,75149
2024-08-07 15:31:00-04:00,210.38999938964844,210.5198974609375,210.22000122070312,210.47999572753906,98740
2024-08-07 15:32:00-04:00,210.47000122070312,210.94000244140625,210.47000122070312,210.91000366210938,127156
2024-08-07 15:33:00-04:00,210.9149932861328,210.97999572753906,210.8300018310547,210.87010192871094,104862
2024-08-07 15:34:00-04:00,210.88999938964844,210.92999267578125,210.60000610351562,210.75,141662
2024-08-07 15:35:00-04:00,210.72999572753906,210.8000030517578,210.5399932861328,210.66000366210938,94525
2024-08-07 15:36:00-04:00,210.66000366210938,210.8800048828125,210.63999938964844,210.8300018310547,95786
2024-08-07 15:37:00-04:00,210.83999633789062,210.9600067138672,210.7303009033203,210.88949584960938,97075
2024-08-07 15:38:00-04:00,210.8800048828125,210.99000549316406,210.72500610351562,210.7899932861328,87016
2024-08-07 15:39:00-04:00,210.7949981689453,210.8699951171875,210.6300048828125,210.64500427246094,97062
2024-08-07 15:40:00-04:00,210.66000366210938,210.74000549316406,210.41000366210938,210.47000122070312,115446
2024-08-07 15:41:00-04:00,210.4499969482422,210.75999450683594,210.39999389648438,210.72000122070312,86970
2024-08-07 15:42:00-04:00,210.7100067138672,210.72000122070312,210.44000244140625,210.64999389648438,97009
2024-08-07 15:43:00-04:00,210.63999938964844,210.63999938964844,210.47000122070312,210.52999877929688,56918
2024-08-07 15:44:00-04:00,210.50999450683594,210.6199951171875,210.41600036621094,210.5749969482422,88746
2024-08-07 15:45:00-04:00,210.57000732421875,210.69000244140625,210.4199981689453,210.50999450683594,69587
2024-08-07 15:46:00-04:00,210.50999450683594,210.8300018310547,210.4600067138672,210.7200927734375,123390
2024-08-07 15:47:00-04:00,210.73500061035156,210.73500061035156,210.39999389648438,210.52999877929688,90489
2024-08-07 15:48:00-04:00,210.5,210.61990356445312,210.3800048828125,210.50999450683594,92381
2024-08-07 15:49:00-04:00,210.5579071044922,210.72000122070312,210.50999450683594,210.66969299316406,75435
2024-08-07 15:50:00-04:00,210.67999267578125,210.75,210.3800048828125,210.4199981689453,153013
2024-08-07 15:51:00-04:00,210.4600067138672,210.57000732421875,210.1750030517578,210.33999633789062,164583
2024-08-07 15:52:00-04:00,210.35000610351562,210.44000244140625,210.22000122070312,210.32640075683594,156380
2024-08-07 15:53:00-04:00,210.33999633789062,210.67999267578125,210.32000732421875,210.50999450683594,145871
2024-08-07 15:54:00-04:00,210.52000427246094,210.66000366210938,209.8000030517578,210.0,410854
2024-08-07 15:55:00-04:00,210.0,210.13999938964844,209.55999755859375,209.74000549316406,335211
2024-08-07 15:56:00-04:00,209.74000549316406,209.82000732421875,209.52999877929688,209.77999877929688,270934
2024-08-07 15:57:00-04:00,209.77000427246094,209.86000061035156,209.5,209.71499633789062,326895
2024-08-07 15:58:00-04:00,209.72000122070312,209.8000030517578,209.41000366210938,209.63999938964844,388364
2024-08-07 15:59:00-04:00,209.64999389648438,209.97000122070312,209.60000610351562,209.86000061035156,1090502
2024-08-08 09:30:00-04:00,213.09500122070312,213.10000610351562,212.27000427246094,213.05499267578125,1594158
2024-08-08 09:31:00-04:00,213.0749969482422,213.1199951171875,212.50999450683594,213.1199951171875,219798
2024-08-08 09:32:00-04:00,213.0500030517578,213.2100067138672,212.1300048828125,212.1999969482422,317346
2024-08-08 09:33:00-04:00,212.16000366210938,212.72999572753906,212.16000366210938,212.64999389648438,143371
2024-08-08 09:34:00-04:00,212.6199951171875,212.69000244140625,212.10000610351562,212.3800048828125,252565
2024-08-08 09:35:00-04:00,212.3800048828125,212.61000061035156,211.7100067138672,211.7406005859375,253185
2024-08-08 09:36:00-04:00,211.74989318847656,211.8699951171875,211.39999389648438,211.42999267578125,227327
2024-08-08 09:37:00-04:00,211.39999389648438,211.55999755859375,210.8300018310547,210.9398956298828,183194
2024-08-08 09:38:00-04:00,210.94000244140625,211.17999267578125,210.6999969482422,211.03030395507812,165256
2024-08-08 09:39:00-04:00,211.05999755859375,211.3000030517578,210.82000732421875,211.15499877929688,158141
2024-08-08 09:40:00-04:00,211.1407928466797,211.32000732421875,210.8000030517578,210.84500122070312,137644
2024-08-08 09:41:00-04:00,210.8300018310547,211.1300048828125,210.8000030517578,211.0500030517578,127593
2024-08-08 09:42:00-04:00,211.0399932861328,211.36000061035156,210.76730346679688,210.76730346679688,129205
2024-08-08 09:43:00-04:00,210.76199340820312,210.9199981689453,210.33009338378906,210.36000061035156,125154
2024-08-08 09:44:00-04:00,210.36500549316406,210.49070739746094,210.19000244140625,210.19000244140625,106462
2024-08-08 09:45:00-04:00,210.19000244140625,210.49000549316406,210.07000732421875,210.2899932861328,207470
2024-08-08 09:46:00-04:00,210.25999450683594,210.32000732421875,209.82000732421875,209.84500122070312,200047
2024-08-08 09:47:00-04:00,209.85000610351562,209.9199981689453,209.27999877929688,209.38999938964844,183169
2024-08-08 09:48:00-04:00,209.43499755859375,209.6699981689453,209.25,209.39999389648438,137374
2024-08-08 09:49:00-04:00,209.4199981689453,209.72000122070312,209.2899932861328,209.50999450683594,169319
2024-08-08 09:50:00-04:00,209.48500061035156,209.6199951171875,209.3300018310547,209.3300018310547,125618
2024-08-08 09:51:00-04:00,209.36000061035156,209.38999938964844,208.8300018310547,209.3699951171875,260012
2024-08-08 09:52:00-04:00,209.36990356445312,209.8800048828125,209.12010192871094,209.8800048828125,143136
2024-08-08 09:53:00-04:00,209.8800048828125,209.89999389648438,209.5800018310547,209.77310180664062,137985
2024-08-08 09:54:00-04:00,209.80999755859375,210.16799926757812,209.69000244140625,210.0699005126953,144225
2024-08-08 09:55:00-04:00,210.09500122070312,210.3800048828125,210.02999877929688,210.25,148447
2024-08-08 09:56:00-04:00,210.22000122070312,210.42999267578125,210.14999389648438,210.22000122070312,111856
2024-08-08 09:57:00-04:00,210.19500732421875,210.47000122070312,210.10000610351562,210.1300048828125,96065
2024-08-08 09:58:00-04:00,210.13999938964844,210.33990478515625,210.13999938964844,210.24000549316406,63586
2024-08-08 09:59:00-04:00,210.30979919433594,210.74000549316406,210.2100067138672,210.72999572753906,180370
2024-08-08 10:00:00-04:00,210.6699981689453,210.97000122070312,210.5092010498047,210.7100067138672,171661
2024-08-08 10:01:00-04:00,210.69000244140625,210.97000122070312,210.64999389648438,210.9600067138672,138477
2024-08-08 10:02:00-04:00,210.9600067138672,211.44000244140625,210.9499969482422,211.39999389648438,192290
2024-08-08 10:03:00-04:00,211.3699951171875,211.52000427246094,211.2899932861328,211.47659301757812,144063
2024-08-08 10:04:00-04:00,211.4199981689453,211.7100067138672,211.35000610351562,211.69000244140625,156327
2024-08-08 10:05:00-04:00,211.6750030517578,211.7071990966797,211.32000732421875,211.3699951171875,147484
2024-08-08 10:06:00-04:00,211.38600158691406,211.4499969482422,211.1199951171875,211.17999267578125,145213
2024-08-08 10:07:00-04:00,211.17080688476562,211.4199981689453,210.91000366210938,211.4199981689453,159052
2024-08-08 10:08:00-04:00,211.3800048828125,211.6300048828125,211.26600646972656,211.5800018310547,137983
2024-08-08 10:09:00-04:00,211.5399932861328,211.86000061035156,211.41000366210938,211.8101043701172,113959
2024-08-08 10:10:00-04:00,211.8300018310547,211.88999938964844,211.55999755859375,211.83999633789062,116547
2024-08-08 10:11:00-04:00,211.82009887695312,211.85000610351562,211.52999877929688,211.5800018310547,106324
2024-08-08 10:12:00-04:00,211.58999633789062,211.78729248046875,211.5500030517578,211.72999572753906,83029
2024-08-08 10:13:00-04:00,211.73500061035156,211.75,211.4600067138672,211.64999389648438,97310
2024-08-08 10:14:00-04:00,211.64500427246094,211.8498992919922,211.5800018310547,211.83999633789062,75365
2024-08-08 10:15:00-04:00,211.83999633789062,211.92999267578125,211.7100067138672,211.80999755859375,108603
2024-08-08 10:16:00-04:00,211.80999755859375,212.1199951171875,211.80999755859375,212.0500030517578,177087
2024-08-08 10:17:00-04:00,212.07000732421875,212.22999572753906,211.88999938964844,212.19000244140625,125155
2024-08-08 10:18:00-04:00,212.1750030517578,212.1750030517578,211.7100067138672,211.74000549316406,79851
2024-08-08 10:19:00-04:00,211.7449951171875,212.0449981689453,211.6300048828125,212.02999877929688,122383
2024-08-08 10:20:00-04:00,212.0399932861328,212.08999633789062,211.6649932861328,211.6649932861328,83225
2024-08-08 10:21:00-04:00,211.7100067138672,211.7100067138672,211.42999267578125,211.57000732421875,104936
2024-08-08 10:22:00-04:00,211.58999633789062,211.61000061035156,211.39599609375,211.50999450683594,90281
2024-08-08 10:23:00-04:00,211.52000427246094,211.77999877929688,211.4600067138672,211.64999389648438,121737
2024-08-08 10:24:00-04:00,211.64999389648438,211.9600067138672,211.61000061035156,211.89999389648438,91228
2024-08-08 10:25:00-04:00,211.88999938964844,211.9398956298828,211.63499450683594,211.88510131835938,223365
2024-08-08 10:26:00-04:00,211.89999389648438,212.02000427246094,211.7899932861328,211.97999572753906,91875
2024-08-08 10:27:00-04:00,211.99000549316406,212.3699951171875,211.96640014648438,212.2100067138672,135506
2024-08-08 10:28:00-04:00,212.1999969482422,212.39999389648438,212.09970092773438,212.38999938964844,85575
2024-08-08 10:29:00-04:00,212.3800048828125,212.62469482421875,212.27999877929688,212.55999755859375,128722
2024-08-08 10:30:00-04:00,212.5800018310547,212.68499755859375,212.3800048828125,212.54859924316406,91597
2024-08-08 10:31:00-04:00,212.53500366210938,212.53500366210938,212.2248992919922,212.2899932861328,111157
2024-08-08 10:32:00-04:00,212.2899932861328,212.36500549316406,212.13999938964844,212.25010681152344,75250
2024-08-08 10:33:00-04:00,212.27999877929688,212.3800048828125,212.16000366210938,212.2899932861328,93523
2024-08-08 10:34:00-04:00,212.30999755859375,212.47999572753906,212.2198944091797,212.37269592285156,79397
2024-08-08 10:35:00-04:00,212.38999938964844,212.5,212.2100067138672,212.4001007080078,62182
2024-08-08 10:36:00-04:00,212.4199981689453,212.58999633789062,212.30999755859375,212.5500030517578,69409
2024-08-08 10:37:00-04:00,212.57000732421875,212.5800018310547,212.34500122070312,212.44000244140625,54183
2024-08-08 10:38:00-04:00,212.45590209960938,212.5500030517578,212.35000610351562,212.35000610351562,50927
2024-08-08 10:39:00-04:00,212.33999633789062,212.44000244140625,212.16000366210938,212.19549560546875,82232
2024-08-08 10:40:00-04:00,212.2100067138672,212.49000549316406,212.2100067138672,212.42999267578125,93106
2024-08-08 10:41:00-04:00,212.4550018310547,212.5,212.27000427246094,212.41839599609375,49644
2024-08-08 10:42:00-04:00,212.4499969482422,212.47999572753906,212.16000366210938,212.27499389648438,79428
2024-08-08 10:43:00-04:00,212.25999450683594,212.44000244140625,212.19000244140625,212.44000244140625,85752
2024-08-08 10:44:00-04:00,212.4499969482422,212.4499969482422,212.3000030517578,212.33999633789062,55502
2024-08-08 10:45:00-04:00,212.36000061035156,212.44500732421875,212.30999755859375,212.30999755859375,78008
2024-08-08 10:46:00-04:00,212.3800048828125,212.72000122070312,212.3800048828125,212.63999938964844,103605
2024-08-08 10:47:00-04:00,212.64999389648438,212.72999572753906,212.57000732421875,212.60000610351562,93089
2024-08-08 10:48:00-04:00,212.58999633789062,212.72000122070312,212.5800018310547,212.6750030517578,85848
2024-08-08 10:49:00-04:00,212.66000366210938,212.89999389648438,212.63999938964844,212.89999389648438,113052
2024-08-08 10:50:00-04:00,212.872802734375,212.99000549316406,212.76060485839844,212.7899932861328,95820
2024-08-08 10:51:00-04:00,212.79010009765625,212.80999755859375,212.47000122070312,212.6699981689453,77583
2024-08-08 10:52:00-04:00,212.6750030517578,212.8000030517578,212.6300048828125,212.7100067138672,65848
2024-08-08 10:53:00-04:00,212.66000366210938,212.69000244140625,212.3300018310547,212.47500610351562,75674
2024-08-08 10:54:00-04:00,212.47500610351562,212.53990173339844,212.2698974609375,212.30999755859375,79602
2024-08-08 10:55:00-04:00,212.2949981689453,212.31500244140625,212.11000061035156,212.25,73957
2024-08-08 10:56:00-04:00,212.25,212.25,212.02999877929688,212.08999633789062,84770
2024-08-08 10:57:00-04:00,212.10000610351562,212.36000061035156,212.07000732421875,212.22999572753906,65445
2024-08-08 10:58:00-04:00,212.20680236816406,212.2299041748047,211.9600067138672,212.0399932861328,56689
2024-08-08 10:59:00-04:00,212.0399932861328,212.22000122070312,212.010498046875,212.19000244140625,49038
2024-08-08 11:00:00-04:00,212.19000244140625,212.2100067138672,211.9199981689453,212.0800018310547,80778
2024-08-08 11:01:00-04:00,212.0800018310547,212.19000244140625,211.82000732421875,211.86000061035156,58735
2024-08-08 11:02:00-04:00,211.8300018310547,211.96499633789062,211.76060485839844,211.92999267578125,75028
2024-08-08 11:03:00-04:00,211.94000244140625,212.02999877929688,211.86000061035156,211.89999389648438,51591
2024-08-08 11:04:00-04:00,211.91000366210938,212.07989501953125,211.89999389648438,212.00999450683594,67383
2024-08-08 11:05:00-04:00,211.94000244140625,211.99989318847656,211.8000030517578,211.98989868164062,63966
2024-08-08 11:06:00-04:00,211.9600067138672,212.08990478515625,211.66000366210938,211.77999877929688,113856
2024-08-08 11:07:00-04:00,211.77000427246094,211.9398956298828,211.67999267578125,211.7100067138672,87419
2024-08-08 11:08:00-04:00,211.72000122070312,211.9499053955078,211.6300048828125,211.91000366210938,96919
2024-08-08 11:09:00-04:00,211.9199981689453,212.00999450683594,211.85499572753906,211.90859985351562,59307
2024-08-08 11:12:00-04:00,211.23489379882812,211.35079956054688,211.17999267578125,211.33999633789062,308415
2024-08-08 11:13:00-04:00,211.3000030517578,211.40969848632812,211.22999572753906,211.3101043701172,60058
2024-08-08 11:14:00-04:00,211.31500244140625,211.44000244140625,211.1699981689453,211.1999969482422,101174
2024-08-08 11:15:00-04:00,211.1750030517578,211.64500427246094,211.1750030517578,211.5399932861328,98740
2024-08-08 11:16:00-04:00,211.57000732421875,211.63270568847656,211.42999267578125,211.42999267578125,88461
2024-08-08 11:17:00-04:00,211.47000122070312,211.52000427246094,211.25,211.30279541015625,66092
2024-08-08 11:18:00-04:00,211.2899932861328,211.38999938964844,211.13999938964844,211.33999633789062,93749
2024-08-08 11:19:00-04:00,211.35499572753906,211.41000366210938,211.0800018310547,211.15870666503906,91917
2024-08-08 11:20:00-04:00,211.17999267578125,211.45899963378906,211.17999267578125,211.40499877929688,89403
2024-08-08 11:21:00-04:00,211.39999389648438,211.55990600585938,211.34109497070312,211.3699951171875,105091
2024-08-08 11:22:00-04:00,211.38499450683594,211.8000030517578,211.3800048828125,211.8000030517578,105897
2024-08-08 11:23:00-04:00,211.78500366210938,212.0800018310547,211.7550048828125,212.0399932861328,135170
2024-08-08 11:24:00-04:00,212.03500366210938,212.05999755859375,211.9499969482422,212.05999755859375,33540
2024-08-08 11:25:00-04:00,212.16000366210938,212.1999969482422,212.11000061035156,212.17999267578125,151472
2024-08-08 11:26:00-04:00,212.17999267578125,212.3800048828125,212.14999389648438,212.30999755859375,107808
2024-08-08 11:27:00-04:00,212.2899932861328,212.2899932861328,212.16000366210938,212.2100067138672,85101
2024-08-08 11:28:00-04:00,212.1999969482422,212.2899932861328,212.0800018310547,212.27000427246094,91295
2024-08-08 11:29:00-04:00,212.25,212.35000610351562,212.1699981689453,212.2100067138672,80646
2024-08-08 11:30:00-04:00,212.2100067138672,212.4600067138672,212.2100067138672,212.4261016845703,58829
2024-08-08 11:31:00-04:00,212.4199981689453,212.58900451660156,212.32000732421875,212.46090698242188,109321
2024-08-08 11:32:00-04:00,212.5,212.6300048828125,212.4600067138672,212.6199951171875,64300
2024-08-08 11:33:00-04:00,212.63999938964844,212.67990112304688,212.5500030517578,212.5500030517578,92632
2024-08-08 11:34:00-04:00,212.58999633789062,212.67999267578125,212.5500030517578,212.5601043701172,60892
2024-08-08 11:35:00-04:00,212.53500366210938,212.57989501953125,212.36000061035156,212.38999938964844,72666
2024-08-08 11:36:00-04:00,212.38499450683594,212.46499633789062,212.25010681152344,212.2799072265625,62229
2024-08-08 11:37:00-04:00,212.27999877929688,212.4949951171875,212.2100067138672,212.3300018310547,85693
2024-08-08 11:38:00-04:00,212.35000610351562,212.41000366210938,212.24000549316406,212.25999450683594,55453
2024-08-08 11:39:00-04:00,212.2698974609375,212.32000732421875,212.1300048828125,212.1300048828125,83336
2024-08-08 11:40:00-04:00,212.1280975341797,212.1280975341797,211.94000244140625,212.00999450683594,72103
2024-08-08 11:41:00-04:00,212.0,212.0800018310547,211.97999572753906,212.0,65805
2024-08-08 11:42:00-04:00,212.0,212.16000366210938,211.9600067138672,212.14999389648438,63160
2024-08-08 11:43:00-04:00,212.14999389648438,212.16000366210938,211.92030334472656,212.00999450683594,41021
2024-08-08 11:44:00-04:00,212.0,212.0800018310547,211.9600067138672,212.0800018310547,54327
2024-08-08 11:45:00-04:00,212.08999633789062,212.11000061035156,211.86000061035156,211.87359619140625,63833
2024-08-08 11:46:00-04:00,211.8699951171875,211.9600067138672,211.75,211.8300018310547,46302
2024-08-08 11:47:00-04:00,211.85000610351562,212.00999450683594,211.83999633789062,211.9499969482422,37404
2024-08-08 11:48:00-04:00,211.9499969482422,212.0,211.8000030517578,211.8800048828125,28585
2024-08-08 11:49:00-04:00,211.88499450683594,211.9199981689453,211.7100067138672,211.77999877929688,63548
2024-08-08 11:50:00-04:00,211.77000427246094,212.19000244140625,211.77000427246094,212.17999267578125,78063
2024-08-08 11:51:00-04:00,212.16859436035156,212.27999877929688,211.88999938964844,211.9199981689453,57153
2024-08-08 11:52:00-04:00,211.9499969482422,212.11000061035156,211.92999267578125,211.9801025390625,49049
2024-08-08 11:53:00-04:00,211.97000122070312,212.11000061035156,211.85000610351562,212.08999633789062,71788
2024-08-08 11:54:00-04:00,212.10000610351562,212.16000366210938,212.02999877929688,212.13999938964844,38592
2024-08-08 11:55:00-04:00,212.14999389648438,212.32000732421875,212.14999389648438,212.27490234375,57778
2024-08-08 11:56:00-04:00,212.27630615234375,212.3300018310547,212.19000244140625,212.2200927734375,85575
2024-08-08 11:57:00-04:00,212.22999572753906,212.38999938964844,212.22000122070312,212.32000732421875,39779
2024-08-08 11:58:00-04:00,212.35000610351562,212.45950317382812,212.32000732421875,212.38499450683594,48984
2024-08-08 11:59:00-04:00,212.3800048828125,212.4499969482422,212.36000061035156,212.38999938964844,42738
2024-08-08 12:00:00-04:00,212.3699951171875,212.49009704589844,212.2324981689453,212.28179931640625,74551
2024-08-08 12:01:00-04:00,212.27000427246094,212.39999389648438,212.26499938964844,212.3300018310547,37528
2024-08-08 12:02:00-04:00,212.33999633789062,212.42410278320312,212.24000549316406,212.39500427246094,36624
2024-08-08 12:03:00-04:00,212.39999389648438,212.4600067138672,212.3000030517578,212.3000030517578,82081
2024-08-08 12:04:00-04:00,212.3000030517578,212.44000244140625,212.29739379882812,212.36000061035156,40728
2024-08-08 12:05:00-04:00,212.36000061035156,212.58990478515625,212.3300018310547,212.5,93627
2024-08-08 12:06:00-04:00,212.5399932861328,212.6385040283203,212.5,212.51339721679688,75878
2024-08-08 12:07:00-04:00,212.5,212.6699981689453,212.49000549316406,212.6699981689453,52220
2024-08-08 12:08:00-04:00,212.664794921875,212.85000610351562,212.64999389648438,212.80499267578125,160333
2024-08-08 12:09:00-04:00,212.75999450683594,212.85479736328125,212.69000244140625,212.80999755859375,65293
2024-08-08 12:10:00-04:00,212.77999877929688,212.91000366210938,212.74000549316406,212.86000061035156,52975
2024-08-08 12:11:00-04:00,212.875,212.91000366210938,212.7899932861328,212.83999633789062,65353
2024-08-08 12:12:00-04:00,212.83999633789062,212.89999389648438,212.72999572753906,212.82000732421875,82566
2024-08-08 12:13:00-04:00,212.7899932861328,212.89500427246094,212.7899932861328,212.83999633789062,51608
2024-08-08 12:14:00-04:00,212.8498992919922,212.88999938964844,212.58999633789062,212.83999633789062,103209
2024-08-08 12:15:00-04:00,212.83999633789062,212.9199981689453,212.67999267578125,212.7799072265625,174369
2024-08-08 12:16:00-04:00,212.75999450683594,212.88999938964844,212.75,212.7899932861328,73459
2024-08-08 12:17:00-04:00,212.7949981689453,212.89999389648438,212.66000366210938,212.83819580078125,96251
2024-08-08 12:18:00-04:00,212.83999633789062,212.9600067138672,212.80999755859375,212.91000366210938,50884
2024-08-08 12:19:00-04:00,212.89999389648438,212.99000549316406,212.85000610351562,212.9600067138672,57651
2024-08-08 12:20:00-04:00,212.96409606933594,213.1300048828125,212.86000061035156,213.05810546875,281280
2024-08-08 12:21:00-04:00,213.0399932861328,213.1699981689453,213.02999877929688,213.1649932861328,91776
2024-08-08 12:22:00-04:00,213.16619873046875,213.17999267578125,213.06500244140625,213.07000732421875,84828
2024-08-08 12:23:00-04:00,213.0500030517578,213.08999633789062,212.97999572753906,213.0,72568
2024-08-08 12:24:00-04:00,213.0050048828125,213.09979248046875,212.91000366210938,213.09500122070312,69911
2024-08-08 12:25:00-04:00,213.10000610351562,213.15499877929688,213.0500030517578,213.10000610351562,95749
2024-08-08 12:26:00-04:00,213.10000610351562,213.1490020751953,213.02000427246094,213.05990600585938,72043
2024-08-08 12:27:00-04:00,213.0399932861328,213.13999938964844,213.02000427246094,213.1300048828125,70345
2024-08-08 12:28:00-04:00,213.1219940185547,213.35000610351562,213.10000610351562,213.33999633789062,148504
2024-08-08 12:29:00-04:00,213.3350067138672,213.4600067138672,213.1699981689453,213.25,106475
2024-08-08 12:30:00-04:00,213.26499938964844,213.27000427246094,212.8000030517578,212.88999938964844,112917
2024-08-08 12:31:00-04:00,212.8800048828125,212.8800048828125,212.5,212.60000610351562,87679
2024-08-08 12:32:00-04:00,212.58999633789062,212.72500610351562,212.52999877929688,212.72500610351562,55458
2024-08-08 12:33:00-04:00,212.75,212.8000030517578,212.50999450683594,212.7373046875,68804
2024-08-08 12:34:00-04:00,212.75,212.86000061035156,212.66000366210938,212.85940551757812,51701
2024-08-08 12:35:00-04:00,212.85499572753906,212.9499969482422,212.77000427246094,212.9499969482422,49716
2024-08-08 12:36:00-04:00,212.9499969482422,212.9499969482422,212.7100067138672,212.7100067138672,45140
2024-08-08 12:37:00-04:00,212.7104034423828,212.8000030517578,212.63999938964844,212.72000122070312,125392
2024-08-08 12:38:00-04:00,212.7263946533203,212.8000030517578,212.69000244140625,212.77999877929688,37238
2024-08-08 12:39:00-04:00,212.75,212.8350067138672,212.75,212.7899932861328,55234
2024-08-08 12:40:00-04:00,212.80999755859375,213.0399932861328,212.8000030517578,212.8350067138672,60833
2024-08-08 12:41:00-04:00,212.81500244140625,212.8699951171875,212.74000549316406,212.77999877929688,44965
2024-08-08 12:42:00-04:00,212.77999877929688,212.77999877929688,212.60499572753906,212.61720275878906,64416
2024-08-08 12:43:00-04:00,212.60499572753906,212.9199981689453,212.55999755859375,212.9199981689453,38795
2024-08-08 12:44:00-04:00,212.92999267578125,213.00999450683594,212.8800048828125,212.97999572753906,48629
2024-08-08 12:45:00-04:00,212.97999572753906,213.1199951171875,212.89999389648438,213.0399932861328,55485
2024-08-08 12:46:00-04:00,213.05999755859375,213.24000549316406,213.02000427246094,213.22999572753906,102192
2024-08-08 12:47:00-04:00,213.22999572753906,213.3300018310547,213.13999938964844,213.22999572753906,57057
2024-08-08 12:48:00-04:00,213.2100067138672,213.27999877929688,213.0800018310547,213.12899780273438,63838
2024-08-08 12:49:00-04:00,213.12899780273438,213.22500610351562,213.10000610351562,213.21499633789062,28410
2024-08-08 12:50:00-04:00,213.19000244140625,213.2899932861328,213.16000366210938,213.1699981689453,63797
2024-08-08 12:51:00-04:00,213.22000122070312,213.22000122070312,213.08999633789062,213.11000061035156,32248
2024-08-08 12:52:00-04:00,213.08999633789062,213.27000427246094,213.0399932861328,213.23500061035156,53044
2024-08-08 12:53:00-04:00,213.27000427246094,213.3800048828125,213.26010131835938,213.375,57392
2024-08-08 12:54:00-04:00,213.375,213.44000244140625,213.30999755859375,213.4199981689453,89184
2024-08-08 12:55:00-04:00,213.41000366210938,213.47000122070312,213.25999450683594,213.25999450683594,71574
2024-08-08 12:56:00-04:00,213.27999877929688,213.3300018310547,213.16000366210938,213.22000122070312,55477
2024-08-08 12:57:00-04:00,213.22999572753906,213.3000030517578,213.1649932861328,213.27999877929688,55929
2024-08-08 12:58:00-04:00,213.3000030517578,213.3300018310547,213.02499389648438,213.07000732421875,64192
2024-08-08 12:59:00-04:00,213.07000732421875,213.25999450683594,213.0500030517578,213.1750030517578,40582
2024-08-08 13:00:00-04:00,213.22000122070312,213.29949951171875,213.08999633789062,213.22999572753906,59747
2024-08-08 13:01:00-04:00,213.22000122070312,213.30999755859375,213.19000244140625,213.27000427246094,49183
2024-08-08 13:02:00-04:00,213.27000427246094,213.3000030517578,212.72000122070312,212.9114990234375,133364
2024-08-08 13:03:00-04:00,212.9199981689453,212.92999267578125,212.63009643554688,212.8990936279297,45810
2024-08-08 13:04:00-04:00,212.88999938964844,213.0,212.8800048828125,212.9499969482422,36668
2024-08-08 13:05:00-04:00,212.97999572753906,213.03199768066406,212.83050537109375,212.99000549316406,53044
2024-08-08 13:06:00-04:00,213.00999450683594,213.0500030517578,212.72000122070312,212.7899932861328,67683
2024-08-08 13:07:00-04:00,212.8300018310547,213.02000427246094,212.77999877929688,212.92999267578125,64462
2024-08-08 13:08:00-04:00,212.92999267578125,213.22999572753906,212.89500427246094,213.16000366210938,85882
2024-08-08 13:09:00-04:00,213.13999938964844,213.3300018310547,213.13999938964844,213.27999877929688,69641
2024-08-08 13:10:00-04:00,213.2899932861328,213.30999755859375,213.2075958251953,213.22999572753906,33332
2024-08-08 13:11:00-04:00,213.22999572753906,213.30999755859375,213.22000122070312,213.25999450683594,44042
2024-08-08 13:12:00-04:00,213.2653045654297,213.32000732421875,213.1699981689453,213.24000549316406,144109
2024-08-08 13:13:00-04:00,213.25,213.3800048828125,213.22000122070312,213.30999755859375,57237
2024-08-08 13:14:00-04:00,213.3300018310547,213.33999633789062,213.1999969482422,213.32470703125,24964
2024-08-08 13:15:00-04:00,213.32000732421875,213.38999938964844,213.2899932861328,213.35000610351562,45948
2024-08-08 13:16:00-04:00,213.36000061035156,213.44000244140625,213.36000061035156,213.38999938964844,43793
2024-08-08 13:17:00-04:00,213.3800048828125,213.49000549316406,213.33999633789062,213.36000061035156,63137
2024-08-08 13:18:00-04:00,213.36000061035156,213.50999450683594,213.33999633789062,213.5,79553
2024-08-08 13:19:00-04:00,213.5,213.91000366210938,213.49000549316406,213.8883056640625,124824
2024-08-08 13:20:00-04:00,213.8699951171875,213.89999389648438,213.74000549316406,213.85000610351562,99327
2024-08-08 13:21:00-04:00,213.85130310058594,213.9600067138672,213.78500366210938,213.8699951171875,85673
2024-08-08 13:22:00-04:00,213.8699951171875,213.8800048828125,213.74009704589844,213.77000427246094,62018
2024-08-08 13:23:00-04:00,213.7899932861328,213.8699951171875,213.64019775390625,213.85000610351562,90889
2024-08-08 13:24:00-04:00,213.85000610351562,213.86000061035156,213.7449951171875,213.85000610351562,43733
2024-08-08 13:25:00-04:00,213.84930419921875,213.8800048828125,213.77999877929688,213.8300018310547,52488
2024-08-08 13:26:00-04:00,213.82000732421875,213.9600067138672,213.81919860839844,213.9199981689453,75441
2024-08-08 13:27:00-04:00,213.91000366210938,213.94000244140625,213.8314971923828,213.89010620117188,49021
2024-08-08 13:28:00-04:00,213.8800048828125,213.9600067138672,213.75010681152344,213.77999877929688,85544
2024-08-08 13:29:00-04:00,213.7834930419922,213.99000549316406,213.7834930419922,213.89759826660156,89638
2024-08-08 13:30:00-04:00,213.89999389648438,213.97999572753906,213.86000061035156,213.93719482421875,49328
2024-08-08 13:31:00-04:00,213.92999267578125,213.970703125,213.82640075683594,213.89999389648438,44441
2024-08-08 13:32:00-04:00,213.91000366210938,214.1999969482422,213.91000366210938,214.19000244140625,197695
2024-08-08 13:33:00-04:00,214.18499755859375,214.18499755859375,214.0500030517578,214.13499450683594,60900
2024-08-08 13:34:00-04:00,214.125,214.13499450683594,213.99000549316406,214.02999877929688,44644
2024-08-08 13:35:00-04:00,214.02999877929688,214.10000610351562,213.8000946044922,213.92999267578125,53005
2024-08-08 13:36:00-04:00,213.9199981689453,213.97000122070312,213.83999633789062,213.83999633789062,36115
2024-08-08 13:37:00-04:00,213.85000610351562,213.97999572753906,213.82000732421875,213.94140625,43352
2024-08-08 13:38:00-04:00,213.9604034423828,213.9698944091797,213.75999450683594,213.8699951171875,50168
2024-08-08 13:39:00-04:00,213.85499572753906,213.95289611816406,213.80999755859375,213.94000244140625,29763
2024-08-08 13:40:00-04:00,213.92999267578125,213.97999572753906,213.8300018310547,213.85000610351562,58329
2024-08-08 13:41:00-04:00,213.8572998046875,213.8572998046875,213.68499755859375,213.7899932861328,63355
2024-08-08 13:42:00-04:00,213.77040100097656,213.80999755859375,213.69000244140625,213.71499633789062,40260
2024-08-08 13:43:00-04:00,213.72999572753906,213.8426971435547,213.6699981689453,213.74000549316406,63804
2024-08-08 13:44:00-04:00,213.74000549316406,213.82000732421875,213.69000244140625,213.72999572753906,42751
2024-08-08 13:45:00-04:00,213.74000549316406,213.8175048828125,213.72000122070312,213.75999450683594,34777
2024-08-08 13:46:00-04:00,213.75999450683594,213.88999938964844,213.72999572753906,213.82000732421875,56551
2024-08-08 13:47:00-04:00,213.75999450683594,213.83990478515625,213.7100067138672,213.82000732421875,33318
2024-08-08 13:48:00-04:00,213.8300018310547,213.83999633789062,213.6300048828125,213.6649932861328,73031
2024-08-08 13:49:00-04:00,213.67999267578125,213.72000122070312,213.6199951171875,213.66000366210938,39985
2024-08-08 13:50:00-04:00,213.64999389648438,213.72999572753906,213.60000610351562,213.6699981689453,559622
2024-08-08 13:51:00-04:00,213.66000366210938,213.7100067138672,213.56500244140625,213.57000732421875,61756
2024-08-08 13:52:00-04:00,213.55999755859375,213.55999755859375,213.42999267578125,213.47000122070312,121639
2024-08-08 13:53:00-04:00,213.4799041748047,213.63999938964844,213.47059631347656,213.61000061035156,31939
2024-08-08 13:54:00-04:00,213.61000061035156,213.7100067138672,213.5800018310547,213.66000366210938,43777
2024-08-08 13:55:00-04:00,213.63450622558594,213.64999389648438,213.5,213.5998992919922,48848
2024-08-08 13:56:00-04:00,213.58419799804688,213.68499755859375,213.52000427246094,213.6699981689453,35839
2024-08-08 13:57:00-04:00,213.6699981689453,213.67449951171875,213.58999633789062,213.60499572753906,40546
2024-08-08 13:58:00-04:00,213.60000610351562,213.68499755859375,213.5800018310547,213.6199951171875,38770
2024-08-08 13:59:00-04:00,213.64999389648438,213.69000244140625,213.63499450683594,213.6855010986328,35819
2024-08-08 14:00:00-04:00,213.6699981689453,213.67010498046875,213.52999877929688,213.52999877929688,36498
2024-08-08 14:01:00-04:00,213.5500030517578,213.66000366210938,213.54849243164062,213.6300048828125,25112
2024-08-08 14:02:00-04:00,213.64999389648438,213.67999267578125,213.58999633789062,213.64999389648438,37562
2024-08-08 14:03:00-04:00,213.65499877929688,213.72999572753906,213.65499877929688,213.6699981689453,92228
2024-08-08 14:04:00-04:00,213.6699981689453,213.75999450683594,213.6300048828125,213.6699981689453,105764
2024-08-08 14:05:00-04:00,213.67990112304688,213.74000549316406,213.50999450683594,213.7100067138672,78464
2024-08-08 14:06:00-04:00,213.72000122070312,213.80990600585938,213.6750946044922,213.74989318847656,57510
2024-08-08 14:07:00-04:00,213.7100067138672,213.83999633789062,213.5601043701172,213.67999267578125,78388
2024-08-08 14:08:00-04:00,213.67999267578125,213.72999572753906,213.6199951171875,213.66000366210938,25675
2024-08-08 14:09:00-04:00,213.66000366210938,213.6699981689453,213.60000610351562,213.60629272460938,31449
2024-08-08 14:10:00-04:00,213.60130310058594,213.66000366210938,213.57000732421875,213.6002960205078,35417
2024-08-08 14:11:00-04:00,213.61000061035156,213.61000061035156,213.44000244140625,213.4600067138672,48027
2024-08-08 14:12:00-04:00,213.4600067138672,213.47999572753906,213.35000610351562,213.43609619140625,47182
2024-08-08 14:13:00-04:00,213.43499755859375,213.50999450683594,213.3800048828125,213.50999450683594,28747
2024-08-08 14:14:00-04:00,213.52000427246094,213.60360717773438,213.52000427246094,213.55999755859375,33764
2024-08-08 14:15:00-04:00,213.5500030517578,213.69000244140625,213.4550018310547,213.69000244140625,50217
2024-08-08 14:16:00-04:00,213.69000244140625,213.74000549316406,213.5399932861328,213.58999633789062,56592
2024-08-08 14:17:00-04:00,213.58999633789062,213.6199951171875,213.5,213.52000427246094,31009
2024-08-08 14:18:00-04:00,213.5500030517578,213.71499633789062,213.5500030517578,213.7100067138672,29803
2024-08-08 14:19:00-04:00,213.7050018310547,213.79010009765625,213.65249633789062,213.76100158691406,43750
2024-08-08 14:20:00-04:00,213.77000427246094,213.8000030517578,213.7100067138672,213.74000549316406,33185
2024-08-08 14:21:00-04:00,213.73390197753906,213.73390197753906,213.52999877929688,213.5500030517578,32851
2024-08-08 14:22:00-04:00,213.5500030517578,213.72999572753906,213.53990173339844,213.66000366210938,49136
2024-08-08 14:23:00-04:00,213.69000244140625,213.72000122070312,213.66000366210938,213.7050018310547,42945
2024-08-08 14:24:00-04:00,213.70230102539062,213.70970153808594,213.47999572753906,213.49000549316406,60822
2024-08-08 14:25:00-04:00,213.49000549316406,213.5800018310547,213.4199981689453,213.4499969482422,50079
2024-08-08 14:26:00-04:00,213.44000244140625,213.49000549316406,213.1699981689453,213.1999969482422,362586
2024-08-08 14:27:00-04:00,213.19009399414062,213.227294921875,212.74000549316406,212.75,108034
2024-08-08 14:28:00-04:00,212.75999450683594,213.16000366210938,212.70750427246094,213.16000366210938,71336
2024-08-08 14:29:00-04:00,213.17999267578125,213.2550048828125,212.97000122070312,212.97999572753906,53465
2024-08-08 14:30:00-04:00,212.9958953857422,213.36000061035156,212.97999572753906,213.32000732421875,59179
2024-08-08 14:31:00-04:00,213.3300018310547,213.38999938964844,213.25999450683594,213.3498992919922,50701
2024-08-08 14:32:00-04:00,213.35000610351562,213.42999267578125,213.25999450683594,213.3300018310547,58533
2024-08-08 14:33:00-04:00,213.33999633789062,213.33999633789062,213.10000610351562,213.1300048828125,46171
2024-08-08 14:34:00-04:00,213.1199951171875,213.3300018310547,213.1199951171875,213.17999267578125,44336
2024-08-08 14:35:00-04:00,213.1699981689453,213.2928009033203,212.97999572753906,213.0800018310547,73860
2024-08-08 14:36:00-04:00,213.08999633789062,213.14999389648438,212.9499969482422,213.0,79906
2024-08-08 14:37:00-04:00,213.01499938964844,213.05999755859375,212.92999267578125,213.0,45038
2024-08-08 14:38:00-04:00,213.02999877929688,213.14999389648438,213.0,213.0500030517578,30167
2024-08-08 14:39:00-04:00,213.05999755859375,213.07989501953125,212.85000610351562,212.8800048828125,48611
2024-08-08 14:40:00-04:00,212.91000366210938,212.92999267578125,212.60000610351562,212.69000244140625,108485
2024-08-08 14:41:00-04:00,212.7100067138672,212.8300018310547,212.63499450683594,212.8249969482422,59929
2024-08-08 14:42:00-04:00,212.8249969482422,212.88999938964844,212.64999389648438,212.79840087890625,56949
2024-08-08 14:43:00-04:00,212.80999755859375,212.8699951171875,212.69000244140625,212.75999450683594,43477
2024-08-08 14:44:00-04:00,212.80999755859375,212.88999938964844,212.6300048828125,212.75,56823
2024-08-08 14:45:00-04:00,212.74000549316406,212.88999938964844,212.67999267578125,212.88499450683594,52824
2024-08-08 14:46:00-04:00,212.8699951171875,213.0500030517578,212.83999633789062,212.9199981689453,46370
2024-08-08 14:47:00-04:00,212.92999267578125,212.9600067138672,212.8592987060547,212.8699951171875,32782
2024-08-08 14:48:00-04:00,212.8636016845703,212.9499969482422,212.75999450683594,212.8800048828125,43583
2024-08-08 14:49:00-04:00,212.87030029296875,212.875,212.7899932861328,212.8300018310547,35195
2024-08-08 14:50:00-04:00,212.85000610351562,212.97999572753906,212.82000732421875,212.94009399414062,48068
2024-08-08 14:51:00-04:00,212.9499969482422,212.9600067138672,212.76370239257812,212.8000030517578,38559
2024-08-08 14:52:00-04:00,212.79989624023438,212.86500549316406,212.77999877929688,212.8206024169922,47885
2024-08-08 14:53:00-04:00,212.82000732421875,212.8300018310547,212.6999969482422,212.79620361328125,59539
2024-08-08 14:54:00-04:00,212.8000030517578,213.0,212.7899932861328,212.89999389648438,55131
2024-08-08 14:55:00-04:00,212.89999389648438,213.05999755859375,212.88999938964844,213.0399932861328,64143
2024-08-08 14:56:00-04:00,213.02999877929688,213.04269409179688,212.94000244140625,213.0399932861328,47364
2024-08-08 14:57:00-04:00,213.02000427246094,213.02000427246094,212.860107421875,212.860107421875,33206
2024-08-08 14:58:00-04:00,212.85000610351562,212.9199981689453,212.82009887695312,212.91510009765625,26574
2024-08-08 14:59:00-04:00,212.89999389648438,212.97000122070312,212.89999389648438,212.9149932861328,59271
2024-08-08 15:00:00-04:00,212.89999389648438,212.91000366210938,212.7550048828125,212.80999755859375,55238
2024-08-08 15:01:00-04:00,212.77999877929688,212.82000732421875,212.67999267578125,212.7899932861328,39892
2024-08-08 15:02:00-04:00,212.77999877929688,212.8000030517578,212.60000610351562,212.6300048828125,78561
2024-08-08 15:03:00-04:00,212.625,212.68760681152344,212.58920288085938,212.67999267578125,50417
2024-08-08 15:04:00-04:00,212.66000366210938,212.72999572753906,212.5399932861328,212.57000732421875,49727
2024-08-08 15:05:00-04:00,212.55490112304688,212.57000732421875,212.3800048828125,212.5500030517578,85394
2024-08-08 15:06:00-04:00,212.57000732421875,212.63999938964844,212.5,212.62010192871094,60316
2024-08-08 15:07:00-04:00,212.6300048828125,212.71339416503906,212.5800018310547,212.69000244140625,40557
2024-08-08 15:08:00-04:00,212.69000244140625,212.91000366210938,212.6699981689453,212.89999389648438,71776
2024-08-08 15:09:00-04:00,212.91000366210938,213.16000366210938,212.8988037109375,213.07000732421875,87900
2024-08-08 15:10:00-04:00,213.07000732421875,213.27999877929688,213.0399932861328,213.27499389648438,68942
2024-08-08 15:11:00-04:00,213.2899932861328,213.4149932861328,213.27000427246094,213.33990478515625,144467
2024-08-08 15:12:00-04:00,213.35000610351562,213.41000366210938,213.2550048828125,213.3800048828125,61488
2024-08-08 15:13:00-04:00,213.36000061035156,213.3800048828125,213.27999877929688,213.27999877929688,69808
2024-08-08 15:14:00-04:00,213.25,213.32000732421875,213.06100463867188,213.0800018310547,59620
2024-08-08 15:15:00-04:00,213.08999633789062,213.1999969482422,212.99000549316406,213.08090209960938,65198
2024-08-08 15:16:00-04:00,213.08399963378906,213.16000366210938,213.0200958251953,213.0800018310547,54849
2024-08-08 15:17:00-04:00,213.10000610351562,213.13999938964844,213.04010009765625,213.13040161132812,39923
2024-08-08 15:18:00-04:00,213.1199951171875,213.12319946289062,212.9600067138672,213.0800018310547,69011
2024-08-08 15:19:00-04:00,213.08990478515625,213.1300048828125,213.02999877929688,213.07000732421875,63395
2024-08-08 15:20:00-04:00,213.07000732421875,213.139892578125,212.8800048828125,212.88999938964844,66905
2024-08-08 15:21:00-04:00,212.91000366210938,213.00999450683594,212.8800048828125,212.98500061035156,60197
2024-08-08 15:22:00-04:00,212.97000122070312,213.11000061035156,212.9499969482422,213.05999755859375,102566
2024-08-08 15:23:00-04:00,213.07000732421875,213.10000610351562,212.92999267578125,212.94000244140625,60321
2024-08-08 15:24:00-04:00,212.9199981689453,212.9199981689453,212.7100067138672,212.8000030517578,64475
2024-08-08 15:25:00-04:00,212.7899932861328,212.8300018310547,212.7100067138672,212.77000427246094,64016
2024-08-08 15:26:00-04:00,212.77000427246094,212.8300018310547,212.61000061035156,212.69000244140625,121567
2024-08-08 15:27:00-04:00,212.67999267578125,212.82000732421875,212.63009643554688,212.81500244140625,59182
2024-08-08 15:28:00-04:00,212.82000732421875,212.8594970703125,212.27999877929688,212.4499969482422,201583
2024-08-08 15:29:00-04:00,212.44000244140625,212.4499969482422,212.1199951171875,212.13009643554688,163881
2024-08-08 15:30:00-04:00,212.13999938964844,212.17999267578125,212.02999877929688,212.0594024658203,158043
2024-08-08 15:31:00-04:00,212.05999755859375,212.26809692382812,211.92999267578125,212.1699981689453,162581
2024-08-08 15:32:00-04:00,212.17640686035156,212.22000122070312,211.8800048828125,212.07000732421875,108610
2024-08-08 15:33:00-04:00,212.08999633789062,212.22000122070312,211.97000122070312,212.05499267578125,102356
2024-08-08 15:34:00-04:00,212.0449981689453,212.36000061035156,211.9600067138672,212.3300018310547,123693
2024-08-08 15:35:00-04:00,212.36000061035156,212.3699951171875,212.0800018310547,212.10000610351562,85945
2024-08-08 15:36:00-04:00,212.10000610351562,212.19500732421875,212.02999877929688,212.07000732421875,79351
2024-08-08 15:37:00-04:00,212.07000732421875,212.46420288085938,212.07000732421875,212.4499969482422,111307
2024-08-08 15:38:00-04:00,212.42999267578125,212.60000610351562,212.2899932861328,212.52999877929688,120055
2024-08-08 15:39:00-04:00,212.52000427246094,212.52999877929688,212.27999877929688,212.3249969482422,95145
2024-08-08 15:40:00-04:00,212.33999633789062,212.6300048828125,212.3300018310547,212.6199951171875,116183
2024-08-08 15:41:00-04:00,212.61000061035156,212.81500244140625,212.60000610351562,212.80999755859375,88686
2024-08-08 15:42:00-04:00,212.82000732421875,213.02000427246094,212.77999877929688,212.94000244140625,112868
2024-08-08 15:43:00-04:00,212.92999267578125,212.97999572753906,212.8000946044922,212.93569946289062,84047
2024-08-08 15:44:00-04:00,212.93080139160156,213.18499755859375,212.8699951171875,213.0399932861328,96909
2024-08-08 15:45:00-04:00,213.03500366210938,213.08999633789062,212.8800048828125,212.91000366210938,79320
2024-08-08 15:46:00-04:00,212.86000061035156,212.99000549316406,212.80459594726562,212.80999755859375,74399
2024-08-08 15:47:00-04:00,212.8000030517578,212.8000030517578,212.60069274902344,212.63059997558594,97406
2024-08-08 15:48:00-04:00,212.64500427246094,212.77999877929688,212.5500030517578,212.74000549316406,85080
2024-08-08 15:49:00-04:00,212.75,212.92999267578125,212.72500610351562,212.92999267578125,105157
2024-08-08 15:50:00-04:00,212.94000244140625,213.25999450683594,212.75999450683594,213.12989807128906,234793
2024-08-08 15:51:00-04:00,213.10000610351562,213.13999938964844,212.9199981689453,212.92999267578125,131767
2024-08-08 15:52:00-04:00,212.9199981689453,213.11900329589844,212.7899932861328,213.05999755859375,139533
2024-08-08 15:53:00-04:00,213.0500030517578,213.25,213.0500030517578,213.18499755859375,130188
2024-08-08 15:54:00-04:00,213.19000244140625,213.19000244140625,212.61000061035156,212.6909942626953,191202
2024-08-08 15:55:00-04:00,212.7100067138672,212.88999938964844,212.50999450683594,212.7899932861328,196346
2024-08-08 15:56:00-04:00,212.82000732421875,212.88999938964844,212.52000427246094,212.57000732421875,165040
2024-08-08 15:57:00-04:00,212.58999633789062,212.88999938964844,212.52999877929688,212.84100341796875,222627
2024-08-08 15:58:00-04:00,212.85000610351562,212.86000061035156,212.5800018310547,212.83999633789062,277091
2024-08-08 15:59:00-04:00,212.86000061035156,213.52000427246094,212.86000061035156,213.33999633789062,889431
2024-08-09 09:30:00-04:00,212.0800018310547,212.49000549316406,211.97999572753906,212.26499938964844,1269479
2024-08-09 09:31:00-04:00,212.2100067138672,212.89999389648438,212.2100067138672,212.7100067138672,170486
2024-08-09 09:32:00-04:00,212.74000549316406,212.89999389648438,212.30999755859375,212.75999450683594,170142
2024-08-09 09:33:00-04:00,212.7899932861328,213.32000732421875,212.7550048828125,213.22000122070312,224626
2024-08-09 09:34:00-04:00,213.22000122070312,213.24000549316406,212.91000366210938,213.14999389648438,148338
2024-08-09 09:35:00-04:00,213.1699981689453,213.4199981689453,212.7100067138672,212.96499633789062,175686
2024-08-09 09:36:00-04:00,212.97999572753906,213.4499969482422,212.8800048828125,213.4095001220703,111356
2024-08-09 09:37:00-04:00,213.39999389648438,213.47999572753906,213.22000122070312,213.27000427246094,111312
2024-08-09 09:38:00-04:00,213.27999877929688,213.33999633789062,213.02000427246094,213.1300048828125,106704
2024-08-09 09:39:00-04:00,213.13819885253906,213.42999267578125,213.1199951171875,213.3800048828125,95464
2024-08-09 09:40:00-04:00,213.35000610351562,213.35000610351562,212.64999389648438,212.70889282226562,127405
2024-08-09 09:41:00-04:00,212.71499633789062,213.05499267578125,212.4600067138672,212.72470092773438,129286
2024-08-09 09:42:00-04:00,212.75,212.8699951171875,212.4199981689453,212.4550018310547,123489
2024-08-09 09:43:00-04:00,212.44000244140625,212.58999633789062,212.25999450683594,212.36000061035156,114504
2024-08-09 09:44:00-04:00,212.3300018310547,212.5500030517578,212.1699981689453,212.25999450683594,133843
2024-08-09 09:45:00-04:00,212.27000427246094,212.81790161132812,212.24000549316406,212.4499969482422,248053
2024-08-09 09:46:00-04:00,212.4600067138672,212.55999755859375,212.24009704589844,212.36500549316406,101020
2024-08-09 09:47:00-04:00,212.35499572753906,212.6699981689453,212.33999633789062,212.52999877929688,96136
2024-08-09 09:48:00-04:00,212.60000610351562,213.1300048828125,212.60000610351562,213.0800018310547,119659
2024-08-09 09:49:00-04:00,213.093505859375,213.11000061035156,212.82000732421875,212.8665008544922,111587
2024-08-09 09:50:00-04:00,212.9199981689453,213.13999938964844,212.9199981689453,213.00999450683594,134345
2024-08-09 09:51:00-04:00,213.00999450683594,213.25,212.86000061035156,213.13999938964844,86273
2024-08-09 09:52:00-04:00,213.14999389648438,213.2899932861328,213.02000427246094,213.25999450683594,107676
2024-08-09 09:53:00-04:00,213.27499389648438,213.3000030517578,212.78500366210938,212.92999267578125,96209
2024-08-09 09:54:00-04:00,212.9499969482422,213.02000427246094,212.72999572753906,212.86000061035156,61811
2024-08-09 09:55:00-04:00,212.89999389648438,213.00999450683594,212.50999450683594,212.62010192871094,103508
2024-08-09 09:56:00-04:00,212.6313018798828,212.83999633789062,212.40989685058594,212.43499755859375,72988
2024-08-09 09:57:00-04:00,212.45860290527344,212.59530639648438,212.3699951171875,212.52000427246094,82756
2024-08-09 09:58:00-04:00,212.5312042236328,212.64999389648438,212.4199981689453,212.52999877929688,66518
2024-08-09 09:59:00-04:00,212.52999877929688,212.69000244140625,212.42999267578125,212.52999877929688,77074
2024-08-09 10:00:00-04:00,212.5800018310547,212.67999267578125,212.33999633789062,212.52499389648438,79196
2024-08-09 10:01:00-04:00,212.52499389648438,212.89999389648438,212.47000122070312,212.80990600585938,85517
2024-08-09 10:02:00-04:00,212.8249969482422,212.88999938964844,212.6699981689453,212.83999633789062,75930
2024-08-09 10:03:00-04:00,212.86000061035156,213.08999633789062,212.85000610351562,213.0,103870
2024-08-09 10:04:00-04:00,213.02999877929688,213.2375030517578,212.97999572753906,213.17489624023438,90100
2024-08-09 10:05:00-04:00,213.17999267578125,213.23989868164062,213.02000427246094,213.16000366210938,65708
2024-08-09 10:06:00-04:00,213.12010192871094,213.44000244140625,213.12010192871094,213.35000610351562,113822
2024-08-09 10:07:00-04:00,213.35000610351562,213.5050048828125,213.1999969482422,213.5050048828125,143626
2024-08-09 10:08:00-04:00,213.50999450683594,213.52000427246094,213.25999450683594,213.38499450683594,94913
2024-08-09 10:09:00-04:00,213.36000061035156,213.49000549316406,213.3000030517578,213.47999572753906,61148
2024-08-09 10:10:00-04:00,213.4600067138672,213.87060546875,213.41009521484375,213.80990600585938,159365
2024-08-09 10:11:00-04:00,213.77999877929688,213.94000244140625,213.6699981689453,213.91000366210938,124651
2024-08-09 10:12:00-04:00,213.91000366210938,214.1999969482422,213.86000061035156,214.1699981689453,146241
2024-08-09 10:13:00-04:00,214.13499450683594,214.39999389648438,214.00999450683594,214.38999938964844,142499
2024-08-09 10:14:00-04:00,214.38999938964844,214.49000549316406,214.22000122070312,214.38710021972656,127674
2024-08-09 10:15:00-04:00,214.3699951171875,214.40370178222656,214.1699981689453,214.2899932861328,79483
2024-08-09 10:16:00-04:00,214.28500366210938,214.47000122070312,214.02000427246094,214.0399932861328,133001
2024-08-09 10:17:00-04:00,214.02000427246094,214.2899932861328,214.02000427246094,214.19500732421875,98236
2024-08-09 10:18:00-04:00,214.1300048828125,214.41990661621094,214.08009338378906,214.16029357910156,106038
2024-08-09 10:19:00-04:00,214.16000366210938,214.3780059814453,214.15049743652344,214.25,90542
2024-08-09 10:20:00-04:00,214.17999267578125,214.35499572753906,214.14999389648438,214.2899932861328,63040
2024-08-09 10:21:00-04:00,214.27999877929688,214.42999267578125,214.16000366210938,214.375,86144
2024-08-09 10:22:00-04:00,214.3800048828125,214.4600067138672,214.13999938964844,214.45750427246094,76510
2024-08-09 10:23:00-04:00,214.4600067138672,214.4600067138672,214.07000732421875,214.32000732421875,99084
2024-08-09 10:24:00-04:00,214.3300018310547,214.35000610351562,214.11000061035156,214.35000610351562,58716
2024-08-09 10:25:00-04:00,214.3300018310547,214.4499969482422,214.27090454101562,214.32000732421875,77249
2024-08-09 10:26:00-04:00,214.31300354003906,214.72999572753906,214.31300354003906,214.6300048828125,154641
2024-08-09 10:27:00-04:00,214.63999938964844,214.69979858398438,214.42999267578125,214.44000244140625,91836
2024-08-09 10:28:00-04:00,214.44000244140625,214.74000549316406,214.3800048828125,214.6999969482422,90504
2024-08-09 10:29:00-04:00,214.67999267578125,214.7895050048828,214.5800018310547,214.6999969482422,70513
2024-08-09 10:30:00-04:00,214.7100067138672,214.7550048828125,214.36000061035156,214.48500061035156,112033
2024-08-09 10:31:00-04:00,214.4730987548828,214.49000549316406,214.17010498046875,214.2100067138672,98185
2024-08-09 10:32:00-04:00,214.22900390625,214.4600067138672,214.2100067138672,214.27999877929688,76566
2024-08-09 10:33:00-04:00,214.28500366210938,214.44000244140625,214.1699981689453,214.27999877929688,61860
2024-08-09 10:34:00-04:00,214.32000732421875,214.3300018310547,214.1699981689453,214.27999877929688,41046
2024-08-09 10:35:00-04:00,214.28680419921875,214.30999755859375,213.9600067138672,214.13040161132812,138553
2024-08-09 10:36:00-04:00,214.19000244140625,214.4199981689453,214.05999755859375,214.36000061035156,90368
2024-08-09 10:37:00-04:00,214.39999389648438,214.52999877929688,214.32000732421875,214.50999450683594,83393
2024-08-09 10:38:00-04:00,214.52999877929688,214.5500030517578,214.05999755859375,214.11000061035156,104605
2024-08-09 10:39:00-04:00,214.13499450683594,214.32000732421875,214.09010314941406,214.2100067138672,53375
2024-08-09 10:40:00-04:00,214.25999450683594,214.47999572753906,214.25999450683594,214.32650756835938,57585
2024-08-09 10:41:00-04:00,214.32000732421875,214.3800048828125,214.16000366210938,214.31500244140625,64643
2024-08-09 10:42:00-04:00,214.28030395507812,214.4199981689453,213.92010498046875,213.92999267578125,70388
2024-08-09 10:43:00-04:00,213.92999267578125,213.9499969482422,213.6699981689453,213.80999755859375,108335
2024-08-09 10:44:00-04:00,213.77999877929688,213.95989990234375,213.6999969482422,213.8300018310547,92855
2024-08-09 10:45:00-04:00,213.79010009765625,213.9698944091797,213.7602996826172,213.93389892578125,84889
2024-08-09 10:46:00-04:00,213.96119689941406,214.39999389648438,213.94000244140625,214.32000732421875,132932
2024-08-09 10:47:00-04:00,214.30999755859375,214.49000549316406,214.30079650878906,214.4199981689453,69194
2024-08-09 10:48:00-04:00,214.41000366210938,214.52999877929688,214.30140686035156,214.44000244140625,70593
2024-08-09 10:49:00-04:00,214.44500732421875,214.58999633789062,214.38999938964844,214.4199981689453,58024
2024-08-09 10:50:00-04:00,214.44000244140625,214.59140014648438,214.44000244140625,214.52000427246094,50041
2024-08-09 10:51:00-04:00,214.55999755859375,214.67990112304688,214.50999450683594,214.63009643554688,67861
2024-08-09 10:52:00-04:00,214.63999938964844,214.83990478515625,214.6300048828125,214.82949829101562,85981
2024-08-09 10:53:00-04:00,214.8300018310547,214.8699951171875,214.64999389648438,214.72000122070312,93059
2024-08-09 10:54:00-04:00,214.74000549316406,214.83999633789062,214.6999969482422,214.8240966796875,86789
2024-08-09 10:55:00-04:00,214.7899932861328,215.10000610351562,214.77999877929688,214.8903045654297,231621
2024-08-09 10:56:00-04:00,214.91000366210938,215.17999267578125,214.90499877929688,215.0500030517578,109002
2024-08-09 10:57:00-04:00,215.00360107421875,215.13499450683594,214.97000122070312,215.02000427246094,77470
2024-08-09 10:58:00-04:00,215.0301055908203,215.07000732421875,214.88999938964844,215.0,64290
2024-08-09 10:59:00-04:00,215.00999450683594,215.0800018310547,214.70010375976562,214.76499938964844,98192
2024-08-09 11:00:00-04:00,214.82000732421875,215.1199951171875,214.80499267578125,215.02000427246094,82060
2024-08-09 11:01:00-04:00,215.02000427246094,215.17999267578125,214.86390686035156,214.97999572753906,100730
2024-08-09 11:02:00-04:00,214.97999572753906,215.0800018310547,214.91000366210938,215.0800018310547,58256
2024-08-09 11:03:00-04:00,215.07000732421875,215.27999877929688,215.05999755859375,215.27999877929688,112034
2024-08-09 11:04:00-04:00,215.2729034423828,215.4499969482422,215.1728057861328,215.42999267578125,99874
2024-08-09 11:05:00-04:00,215.4199981689453,215.52000427246094,215.39999389648438,215.4698028564453,77395
2024-08-09 11:06:00-04:00,215.36199951171875,215.40989685058594,215.22000122070312,215.27000427246094,108855
2024-08-09 11:07:00-04:00,215.27000427246094,215.34970092773438,215.16000366210938,215.1894989013672,97087
2024-08-09 11:08:00-04:00,215.17030334472656,215.36000061035156,215.17030334472656,215.27999877929688,70657
2024-08-09 11:09:00-04:00,215.2899932861328,215.31399536132812,214.9499969482422,215.09970092773438,80367
2024-08-09 11:10:00-04:00,215.08999633789062,215.13999938964844,215.0,215.05999755859375,70289
2024-08-09 11:11:00-04:00,215.0800018310547,215.1999969482422,215.00999450683594,215.00999450683594,44044
2024-08-09 11:12:00-04:00,215.01499938964844,215.08999633789062,214.94000244140625,214.9550018310547,45428
2024-08-09 11:13:00-04:00,214.95379638671875,215.1999969482422,214.8800048828125,215.1396942138672,64868
2024-08-09 11:14:00-04:00,215.1699981689453,215.30990600585938,215.1699981689453,215.2100067138672,56700
2024-08-09 11:15:00-04:00,215.22000122070312,215.35000610351562,215.10000610351562,215.16000366210938,65580
2024-08-09 11:16:00-04:00,215.1699981689453,215.3300018310547,215.1699981689453,215.31500244140625,50554
2024-08-09 11:17:00-04:00,215.2899932861328,215.35000610351562,215.2100067138672,215.30999755859375,40053
2024-08-09 11:18:00-04:00,215.27999877929688,215.43499755859375,215.22500610351562,215.25,72111
2024-08-09 11:19:00-04:00,215.2550048828125,215.41000366210938,215.2550048828125,215.3000030517578,56164
2024-08-09 11:20:00-04:00,215.33990478515625,215.38999938964844,215.13009643554688,215.3000030517578,50198
2024-08-09 11:21:00-04:00,215.3000030517578,215.32000732421875,215.21009826660156,215.21099853515625,28903
2024-08-09 11:22:00-04:00,215.3114013671875,215.3300018310547,215.29190063476562,215.30999755859375,79846
2024-08-09 11:23:00-04:00,215.3300018310547,215.39999389648438,215.3000030517578,215.32000732421875,42841
2024-08-09 11:24:00-04:00,215.3300018310547,215.36000061035156,215.2698974609375,215.3350067138672,37454
2024-08-09 11:25:00-04:00,215.33999633789062,215.5,215.30999755859375,215.35000610351562,85183
2024-08-09 11:26:00-04:00,215.35130310058594,215.5399932861328,215.29100036621094,215.52650451660156,83948
2024-08-09 11:27:00-04:00,215.5399932861328,215.73500061035156,215.5399932861328,215.625,156477
2024-08-09 11:28:00-04:00,215.66000366210938,215.7100067138672,215.39999389648438,215.4207000732422,106926
2024-08-09 11:29:00-04:00,215.4490966796875,215.47000122070312,215.10000610351562,215.13499450683594,94378
2024-08-09 11:30:00-04:00,215.1199951171875,215.25999450683594,215.0800018310547,215.1699981689453,66517
2024-08-09 11:31:00-04:00,215.22000122070312,215.5800018310547,215.1905059814453,215.5800018310547,82642
2024-08-09 11:32:00-04:00,215.5601043701172,215.6199951171875,215.47039794921875,215.5200958251953,64075
2024-08-09 11:33:00-04:00,215.57000732421875,215.67999267578125,215.47500610351562,215.61000061035156,62587
2024-08-09 11:34:00-04:00,215.5800018310547,215.7100067138672,215.55499267578125,215.65989685058594,89475
2024-08-09 11:35:00-04:00,215.6649932861328,215.6999969482422,215.38999938964844,215.42999267578125,95403
2024-08-09 11:36:00-04:00,215.44000244140625,215.4499969482422,215.24000549316406,215.28250122070312,63970
2024-08-09 11:37:00-04:00,215.3000030517578,215.3699951171875,215.2100067138672,215.28399658203125,65994
2024-08-09 11:38:00-04:00,215.27000427246094,215.3350067138672,215.22999572753906,215.30999755859375,51567
2024-08-09 11:39:00-04:00,215.3000030517578,215.47000122070312,215.3000030517578,215.33999633789062,69653
2024-08-09 11:40:00-04:00,215.35000610351562,215.37989807128906,215.05999755859375,215.11000061035156,93676
2024-08-09 11:41:00-04:00,215.1199951171875,215.47000122070312,215.11830139160156,215.4199981689453,70633
2024-08-09 11:42:00-04:00,215.41000366210938,215.41000366210938,215.17999267578125,215.17999267578125,77256
2024-08-09 11:43:00-04:00,215.17999267578125,215.2899932861328,215.07730102539062,215.1300048828125,61102
2024-08-09 11:44:00-04:00,215.1199951171875,215.19000244140625,215.10000610351562,215.11000061035156,37901
2024-08-09 11:45:00-04:00,215.11500549316406,215.32000732421875,215.10020446777344,215.16000366210938,45883
2024-08-09 11:46:00-04:00,215.16000366210938,215.3300018310547,215.10000610351562,215.3300018310547,35505
2024-08-09 11:47:00-04:00,215.3000030517578,215.4499969482422,215.2200927734375,215.27999877929688,72544
2024-08-09 11:48:00-04:00,215.27000427246094,215.3612060546875,215.24000549316406,215.3300018310547,32674
2024-08-09 11:49:00-04:00,215.2899932861328,215.32000732421875,215.1999969482422,215.1999969482422,37769
2024-08-09 11:50:00-04:00,215.24000549316406,215.24000549316406,214.9801025390625,215.07000732421875,79126
2024-08-09 11:51:00-04:00,215.0800018310547,215.11700439453125,215.02999877929688,215.0800018310547,30037
2024-08-09 11:52:00-04:00,215.0800018310547,215.22000122070312,215.07000732421875,215.16000366210938,34646
2024-08-09 11:53:00-04:00,215.1699981689453,215.2899932861328,215.1699981689453,215.1999969482422,56289
2024-08-09 11:54:00-04:00,215.22999572753906,215.25999450683594,215.1199951171875,215.2100067138672,35873
2024-08-09 11:55:00-04:00,215.21499633789062,215.2198944091797,214.82009887695312,214.8699951171875,75521
2024-08-09 11:56:00-04:00,214.86000061035156,214.86500549316406,214.6300048828125,214.70399475097656,115221
2024-08-09 11:57:00-04:00,214.72030639648438,214.83999633789062,214.54010009765625,214.61000061035156,106613
2024-08-09 11:58:00-04:00,214.63999938964844,214.7899932861328,214.60000610351562,214.72500610351562,39776
2024-08-09 11:59:00-04:00,214.7100067138672,214.72210693359375,214.6199951171875,214.7100067138672,48159
2024-08-09 12:00:00-04:00,214.6999969482422,214.8000030517578,214.6300048828125,214.75059509277344,61766
2024-08-09 12:01:00-04:00,214.74000549316406,214.88999938964844,214.74000549316406,214.81500244140625,39486
2024-08-09 12:02:00-04:00,214.81520080566406,214.8699951171875,214.66000366210938,214.7100067138672,51173
2024-08-09 12:03:00-04:00,214.70799255371094,214.8249969482422,214.6999969482422,214.8249969482422,58179
2024-08-09 12:04:00-04:00,214.81500244140625,214.8800048828125,214.67999267578125,214.72000122070312,48734
2024-08-09 12:05:00-04:00,214.7550048828125,214.77000427246094,214.58050537109375,214.6739959716797,77239
2024-08-09 12:06:00-04:00,214.69000244140625,214.85000610351562,214.66000366210938,214.7830047607422,50303
2024-08-09 12:07:00-04:00,214.77000427246094,214.89999389648438,214.75999450683594,214.85989379882812,36503
2024-08-09 12:08:00-04:00,214.86000061035156,214.87730407714844,214.69000244140625,214.71170043945312,28115
2024-08-09 12:09:00-04:00,214.6999969482422,214.74000549316406,214.64999389648438,214.72000122070312,49801
2024-08-09 12:10:00-04:00,214.7100067138672,214.7100067138672,214.52999877929688,214.53689575195312,108422
2024-08-09 12:11:00-04:00,214.52000427246094,214.58999633789062,214.41000366210938,214.52999877929688,101792
2024-08-09 12:12:00-04:00,214.51499938964844,214.5850067138672,214.46499633789062,214.5500030517578,40484
2024-08-09 12:13:00-04:00,214.5500030517578,214.57000732421875,214.43060302734375,214.52000427246094,41361
2024-08-09 12:14:00-04:00,214.5,214.57000732421875,214.47999572753906,214.5399932861328,54257
2024-08-09 12:15:00-04:00,214.5449981689453,214.6300048828125,214.52000427246094,214.5509033203125,59095
2024-08-09 12:16:00-04:00,214.5532989501953,214.6199951171875,214.47999572753906,214.50999450683594,650921
2024-08-09 12:17:00-04:00,214.50180053710938,214.5800018310547,214.47999572753906,214.57809448242188,32641
2024-08-09 12:18:00-04:00,214.60000610351562,214.6461944580078,214.4600067138672,214.52000427246094,35292
2024-08-09 12:19:00-04:00,214.55999755859375,214.63999938964844,214.50999450683594,214.60000610351562,25249
2024-08-09 12:20:00-04:00,214.61000061035156,214.72999572753906,214.61000061035156,214.67999267578125,46806
2024-08-09 12:21:00-04:00,214.67999267578125,214.67999267578125,214.61500549316406,214.6699981689453,41005
2024-08-09 12:22:00-04:00,214.6699981689453,214.74000549316406,214.60000610351562,214.6060028076172,51072
2024-08-09 12:23:00-04:00,214.6300048828125,214.77000427246094,214.61000061035156,214.72999572753906,36601
2024-08-09 12:24:00-04:00,214.74000549316406,214.74099731445312,214.52029418945312,214.5399932861328,51766
2024-08-09 12:25:00-04:00,214.55999755859375,214.7899932861328,214.55999755859375,214.75,32745
2024-08-09 12:26:00-04:00,214.7449951171875,214.89999389648438,214.69000244140625,214.8699951171875,34574
2024-08-09 12:27:00-04:00,214.85000610351562,214.91000366210938,214.73080444335938,214.73080444335938,53440
2024-08-09 12:28:00-04:00,214.75,214.75,214.64010620117188,214.69000244140625,27413
2024-08-09 12:29:00-04:00,214.6999969482422,214.72000122070312,214.52000427246094,214.5301055908203,69216
2024-08-09 12:30:00-04:00,214.52999877929688,214.75,214.51010131835938,214.75,73954
2024-08-09 12:31:00-04:00,214.74989318847656,214.83999633789062,214.6699981689453,214.69000244140625,87903
2024-08-09 12:32:00-04:00,214.6699981689453,214.74000549316406,214.64999389648438,214.67999267578125,41610
2024-08-09 12:33:00-04:00,214.69000244140625,214.8000030517578,214.69000244140625,214.7344970703125,30934
2024-08-09 12:34:00-04:00,214.73500061035156,214.80520629882812,214.67999267578125,214.6999969482422,39596
2024-08-09 12:35:00-04:00,214.6916046142578,214.75,214.6199951171875,214.74000549316406,35965
2024-08-09 12:36:00-04:00,214.72500610351562,214.7998046875,214.66000366210938,214.69000244140625,37439
2024-08-09 12:37:00-04:00,214.71499633789062,214.72999572753906,214.52999877929688,214.5500030517578,41388
2024-08-09 12:38:00-04:00,214.5500030517578,214.6999969482422,214.5500030517578,214.6737060546875,41856
2024-08-09 12:39:00-04:00,214.6699981689453,214.7899932861328,214.6699981689453,214.75,54275
2024-08-09 12:40:00-04:00,214.72000122070312,214.77000427246094,214.67999267578125,214.74049377441406,41730
2024-08-09 12:41:00-04:00,214.74560546875,214.75,214.67999267578125,214.75,36973
2024-08-09 12:42:00-04:00,214.77999877929688,214.8800048828125,214.74000549316406,214.8699951171875,51674
2024-08-09 12:43:00-04:00,214.8699951171875,214.92950439453125,214.8300018310547,214.86000061035156,47746
2024-08-09 12:44:00-04:00,214.860107421875,214.91990661621094,214.83999633789062,214.85000610351562,38939
2024-08-09 12:45:00-04:00,214.85000610351562,214.85000610351562,214.75999450683594,214.7899932861328,49682
2024-08-09 12:46:00-04:00,214.78500366210938,214.8699951171875,214.77999877929688,214.83999633789062,39838
2024-08-09 12:47:00-04:00,214.85000610351562,214.85000610351562,214.7100067138672,214.80409240722656,43841
2024-08-09 12:48:00-04:00,214.7949981689453,214.8300018310547,214.7156982421875,214.827392578125,35745
2024-08-09 12:49:00-04:00,214.8300018310547,215.08999633789062,214.8300018310547,215.0,133241
2024-08-09 12:50:00-04:00,214.99569702148438,215.07000732421875,214.9199981689453,214.96499633789062,90313
2024-08-09 12:51:00-04:00,214.9600067138672,215.14999389648438,214.9550018310547,215.02000427246094,71807
2024-08-09 12:52:00-04:00,215.02000427246094,215.27000427246094,214.99000549316406,215.2449951171875,103894
2024-08-09 12:53:00-04:00,215.2449951171875,215.27000427246094,215.1300048828125,215.19000244140625,75018
2024-08-09 12:54:00-04:00,215.19009399414062,215.218505859375,215.08999633789062,215.139892578125,95327
2024-08-09 12:55:00-04:00,215.1199951171875,215.1300048828125,215.02000427246094,215.0399932861328,42329
2024-08-09 12:56:00-04:00,215.02000427246094,215.25,215.0,215.1999969482422,190238
2024-08-09 12:57:00-04:00,215.1649932861328,215.2100067138672,215.10890197753906,215.16000366210938,24981
2024-08-09 12:58:00-04:00,215.16009521484375,215.33999633789062,215.16009521484375,215.3000030517578,53640
2024-08-09 12:59:00-04:00,215.30999755859375,215.4499969482422,215.2899932861328,215.43499755859375,54157
2024-08-09 13:00:00-04:00,215.43820190429688,215.4499969482422,215.27000427246094,215.3175048828125,62826
2024-08-09 13:01:00-04:00,215.30999755859375,215.3300018310547,215.25999450683594,215.3000030517578,44066
2024-08-09 13:02:00-04:00,215.2899932861328,215.44000244140625,215.25,215.41000366210938,41110
2024-08-09 13:03:00-04:00,215.42999267578125,215.49000549316406,215.3708953857422,215.4600067138672,43465
2024-08-09 13:04:00-04:00,215.47999572753906,215.4949951171875,215.41000366210938,215.4499969482422,38150
2024-08-09 13:05:00-04:00,215.4499969482422,215.48989868164062,215.40989685058594,215.4499969482422,40778
2024-08-09 13:06:00-04:00,215.4600067138672,215.47999572753906,215.41000366210938,215.44000244140625,49004
2024-08-09 13:07:00-04:00,215.4499969482422,215.5500030517578,215.43499755859375,215.5500030517578,40212
2024-08-09 13:08:00-04:00,215.55999755859375,215.61000061035156,215.5406036376953,215.5800018310547,46009
2024-08-09 13:09:00-04:00,215.55499267578125,215.65899658203125,215.5447998046875,215.64349365234375,42132
2024-08-09 13:10:00-04:00,215.64999389648438,215.69000244140625,215.64500427246094,215.68499755859375,43279
2024-08-09 13:11:00-04:00,215.69000244140625,215.6999969482422,215.47999572753906,215.47999572753906,57667
2024-08-09 13:12:00-04:00,215.49000549316406,215.63999938964844,215.48500061035156,215.5850067138672,58877
2024-08-09 13:13:00-04:00,215.60000610351562,215.64999389648438,215.58999633789062,215.64999389648438,32704
2024-08-09 13:14:00-04:00,215.66000366210938,215.86000061035156,215.66000366210938,215.85000610351562,103175
2024-08-09 13:15:00-04:00,215.8300018310547,216.1999969482422,215.8300018310547,216.16000366210938,199027
2024-08-09 13:16:00-04:00,216.1649932861328,216.17999267578125,216.0399932861328,216.16000366210938,106208
2024-08-09 13:17:00-04:00,216.15499877929688,216.22000122070312,216.12010192871094,216.1699981689453,96083
2024-08-09 13:18:00-04:00,216.17999267578125,216.2799072265625,216.14999389648438,216.17999267578125,93392
2024-08-09 13:19:00-04:00,216.19000244140625,216.25,216.1300048828125,216.1999969482422,97549
2024-08-09 13:20:00-04:00,216.13999938964844,216.24000549316406,216.09500122070312,216.20260620117188,100010
2024-08-09 13:21:00-04:00,216.24000549316406,216.24000549316406,216.01499938964844,216.0500030517578,58735
2024-08-09 13:22:00-04:00,216.05999755859375,216.08999633789062,216.00999450683594,216.02000427246094,69433
2024-08-09 13:23:00-04:00,216.0399932861328,216.1300048828125,216.00999450683594,216.11000061035156,50126
2024-08-09 13:24:00-04:00,216.1300048828125,216.17999267578125,215.97000122070312,216.05999755859375,90600
2024-08-09 13:25:00-04:00,216.0800018310547,216.16000366210938,215.97999572753906,216.16000366210938,79932
2024-08-09 13:26:00-04:00,216.16000366210938,216.16000366210938,215.97000122070312,216.05990600585938,45159
2024-08-09 13:27:00-04:00,216.0446014404297,216.1300048828125,216.0446014404297,216.1300048828125,30253
2024-08-09 13:28:00-04:00,216.13870239257812,216.35000610351562,216.1199951171875,216.30999755859375,53537
2024-08-09 13:29:00-04:00,216.32000732421875,216.5399932861328,216.30999755859375,216.53500366210938,86628
2024-08-09 13:30:00-04:00,216.5399932861328,216.6300048828125,216.5,216.60000610351562,105902
2024-08-09 13:31:00-04:00,216.60000610351562,216.6027069091797,216.5,216.50999450683594,116617
2024-08-09 13:32:00-04:00,216.50999450683594,216.6199951171875,216.4600067138672,216.58999633789062,86427
2024-08-09 13:33:00-04:00,216.57009887695312,216.63999938964844,216.55999755859375,216.6208953857422,26729
2024-08-09 13:34:00-04:00,216.61000061035156,216.64990234375,216.55999755859375,216.6300048828125,40631
2024-08-09 13:35:00-04:00,216.6300048828125,216.6699981689453,216.60000610351562,216.63499450683594,49958
2024-08-09 13:36:00-04:00,216.64999389648438,216.66000366210938,216.52999877929688,216.61000061035156,41986
2024-08-09 13:37:00-04:00,216.60899353027344,216.69000244140625,216.58999633789062,216.69000244140625,47454
2024-08-09 13:38:00-04:00,216.6999969482422,216.77999877929688,216.68499755859375,216.74400329589844,62792
2024-08-09 13:39:00-04:00,216.72979736328125,216.75,216.5800018310547,216.61929321289062,56393
2024-08-09 13:40:00-04:00,216.6199951171875,216.62399291992188,216.5491943359375,216.5491943359375,54665
2024-08-09 13:41:00-04:00,216.5500030517578,216.57000732421875,216.45730590820312,216.52000427246094,98395
2024-08-09 13:42:00-04:00,216.52000427246094,216.52499389648438,216.17999267578125,216.1999969482422,122452
2024-08-09 13:43:00-04:00,216.1999969482422,216.3300018310547,216.1750030517578,216.25010681152344,52411
2024-08-09 13:44:00-04:00,216.27000427246094,216.2996063232422,216.22999572753906,216.25779724121094,40469
2024-08-09 13:45:00-04:00,216.27000427246094,216.3000030517578,216.1699981689453,216.2899932861328,45247
2024-08-09 13:46:00-04:00,216.27999877929688,216.33999633789062,216.21499633789062,216.30999755859375,43151
2024-08-09 13:47:00-04:00,216.32000732421875,216.4199981689453,216.22000122070312,216.27000427246094,55186
2024-08-09 13:48:00-04:00,216.25999450683594,216.25999450683594,215.97500610351562,216.0998992919922,99851
2024-08-09 13:49:00-04:00,216.09500122070312,216.1300048828125,216.03750610351562,216.1300048828125,33882
2024-08-09 13:50:00-04:00,216.13499450683594,216.1999053955078,216.0,216.0,54285
2024-08-09 13:51:00-04:00,216.00999450683594,216.10000610351562,215.9600067138672,216.0500030517578,71900
2024-08-09 13:52:00-04:00,216.05540466308594,216.1699981689453,216.0500030517578,216.11000061035156,35203
2024-08-09 13:53:00-04:00,216.1199951171875,216.1199951171875,216.0,216.05020141601562,48552
2024-08-09 13:54:00-04:00,216.05499267578125,216.05499267578125,215.63999938964844,215.75999450683594,95274
2024-08-09 13:55:00-04:00,215.77999877929688,215.8509979248047,215.75030517578125,215.79159545898438,39776
2024-08-09 13:56:00-04:00,215.7899932861328,215.86000061035156,215.77000427246094,215.8199005126953,44195
2024-08-09 13:57:00-04:00,215.8000030517578,215.83999633789062,215.67999267578125,215.68499755859375,49019
2024-08-09 13:58:00-04:00,215.69000244140625,215.82000732421875,215.69000244140625,215.72999572753906,47389
2024-08-09 13:59:00-04:00,215.72999572753906,215.94000244140625,215.72000122070312,215.91639709472656,51618
2024-08-09 14:00:00-04:00,215.92999267578125,215.92999267578125,215.8300018310547,215.88999938964844,49008
2024-08-09 14:01:00-04:00,215.89500427246094,216.0915069580078,215.89500427246094,216.07000732421875,57712
2024-08-09 14:02:00-04:00,216.07000732421875,216.07000732421875,215.91000366210938,215.9199981689453,53688
2024-08-09 14:03:00-04:00,215.9199981689453,215.92999267578125,215.82000732421875,215.89999389648438,34373
2024-08-09 14:04:00-04:00,215.91000366210938,216.0,215.58999633789062,215.97000122070312,76943
2024-08-09 14:05:00-04:00,215.96499633789062,216.02499389648438,215.8800048828125,215.97999572753906,74880
2024-08-09 14:06:00-04:00,215.99000549316406,216.0,215.8699951171875,215.88999938964844,36191
2024-08-09 14:07:00-04:00,215.88999938964844,215.95989990234375,215.83999633789062,215.89999389648438,43047
2024-08-09 14:08:00-04:00,215.89999389648438,215.9600067138672,215.8800048828125,215.88999938964844,29860
2024-08-09 14:09:00-04:00,215.8800048828125,215.99000549316406,215.8699951171875,215.97999572753906,31826
2024-08-09 14:10:00-04:00,215.9600067138672,215.98989868164062,215.60000610351562,215.66000366210938,70737
2024-08-09 14:11:00-04:00,215.66000366210938,215.66000366210938,215.2899932861328,215.42999267578125,93775
2024-08-09 14:12:00-04:00,215.44000244140625,215.52499389648438,215.35000610351562,215.39999389648438,52457
2024-08-09 14:13:00-04:00,215.39999389648438,215.4600067138672,215.33999633789062,215.3699951171875,46779
2024-08-09 14:14:00-04:00,215.35000610351562,215.42999267578125,215.30999755859375,215.41000366210938,71198
2024-08-09 14:15:00-04:00,215.4199981689453,215.4199981689453,215.22999572753906,215.39500427246094,46168
2024-08-09 14:16:00-04:00,215.39990234375,215.50999450683594,215.2899932861328,215.47999572753906,62960
2024-08-09 14:17:00-04:00,215.47000122070312,215.47000122070312,215.22999572753906,215.25399780273438,64177
2024-08-09 14:18:00-04:00,215.25999450683594,215.4149932861328,215.25,215.2899932861328,39667
2024-08-09 14:19:00-04:00,215.2899932861328,215.4199981689453,215.24000549316406,215.4199981689453,31944
2024-08-09 14:20:00-04:00,215.4405975341797,215.4550018310547,215.1999969482422,215.1999969482422,40603
2024-08-09 14:21:00-04:00,215.2100067138672,215.2899932861328,215.1999969482422,215.27000427246094,64647
2024-08-09 14:22:00-04:00,215.25999450683594,215.36990356445312,215.22000122070312,215.27999877929688,38895
2024-08-09 14:23:00-04:00,215.27999877929688,215.2899932861328,215.1999969482422,215.2899932861328,32606
2024-08-09 14:24:00-04:00,215.27999877929688,215.2899932861328,215.0800018310547,215.0800018310547,66130
2024-08-09 14:25:00-04:00,215.0749969482422,215.1199951171875,214.94009399414062,214.97000122070312,82132
2024-08-09 14:26:00-04:00,215.0,215.11000061035156,214.9199981689453,215.0800018310547,105662
2024-08-09 14:27:00-04:00,215.0998992919922,215.30999755859375,215.05999755859375,215.27499389648438,51396
2024-08-09 14:28:00-04:00,215.27999877929688,215.3800048828125,215.19500732421875,215.36500549316406,59434
2024-08-09 14:29:00-04:00,215.34500122070312,215.35000610351562,215.11000061035156,215.27999877929688,104663
2024-08-09 14:30:00-04:00,215.27499389648438,215.35000610351562,215.1300048828125,215.16009521484375,76668
2024-08-09 14:31:00-04:00,215.1699981689453,215.25990295410156,215.1298065185547,215.1999969482422,54688
2024-08-09 14:32:00-04:00,215.22999572753906,215.3800048828125,215.18499755859375,215.35000610351562,38072
2024-08-09 14:33:00-04:00,215.36500549316406,215.36500549316406,215.17999267578125,215.19000244140625,72606
2024-08-09 14:34:00-04:00,215.1999969482422,215.28900146484375,215.0800018310547,215.10000610351562,58536
2024-08-09 14:35:00-04:00,215.10000610351562,215.10000610351562,214.89999389648438,214.97999572753906,82206
2024-08-09 14:36:00-04:00,214.9720001220703,215.10000610351562,214.97000122070312,215.05499267578125,48539
2024-08-09 14:37:00-04:00,215.07000732421875,215.22999572753906,215.05999755859375,215.19000244140625,36638
2024-08-09 14:38:00-04:00,215.2147979736328,215.26199340820312,215.14010620117188,215.25,30980
2024-08-09 14:39:00-04:00,215.22000122070312,215.36000061035156,215.17999267578125,215.2899932861328,64008
2024-08-09 14:40:00-04:00,215.27999877929688,215.4600067138672,215.22999572753906,215.39500427246094,88386
2024-08-09 14:41:00-04:00,215.39999389648438,215.46400451660156,215.3800048828125,215.4499969482422,50326
2024-08-09 14:42:00-04:00,215.4499969482422,215.5,215.36000061035156,215.4199981689453,57707
2024-08-09 14:43:00-04:00,215.4199981689453,215.50709533691406,215.25999450683594,215.28500366210938,67424
2024-08-09 14:44:00-04:00,215.29989624023438,215.29989624023438,215.1199951171875,215.17999267578125,64040
2024-08-09 14:45:00-04:00,215.16000366210938,215.36000061035156,215.13299560546875,215.30499267578125,73612
2024-08-09 14:46:00-04:00,215.30999755859375,215.44500732421875,215.27499389648438,215.43499755859375,86407
2024-08-09 14:47:00-04:00,215.4499969482422,215.47999572753906,215.39419555664062,215.47999572753906,62412
2024-08-09 14:48:00-04:00,215.49000549316406,215.50999450683594,215.35009765625,215.3719940185547,43370
2024-08-09 14:49:00-04:00,215.375,215.5,215.35000610351562,215.47000122070312,78537
2024-08-09 14:50:00-04:00,215.47000122070312,215.53880310058594,215.2550048828125,215.2550048828125,92009
2024-08-09 14:51:00-04:00,215.27000427246094,215.42999267578125,215.1999969482422,215.4199981689453,52991
2024-08-09 14:52:00-04:00,215.39999389648438,215.39999389648438,215.24000549316406,215.27499389648438,58888
2024-08-09 14:53:00-04:00,215.26499938964844,215.27000427246094,215.0399932861328,215.1842041015625,127522
2024-08-09 14:54:00-04:00,215.17999267578125,215.2899932861328,215.16009521484375,215.27999877929688,45326
2024-08-09 14:55:00-04:00,215.28199768066406,215.32000732421875,215.07000732421875,215.0800018310547,69658
2024-08-09 14:56:00-04:00,215.10000610351562,215.22999572753906,215.0800018310547,215.14500427246094,135929
2024-08-09 14:57:00-04:00,215.16000366210938,215.39999389648438,215.16000366210938,215.36199951171875,116433
2024-08-09 14:58:00-04:00,215.38999938964844,215.41000366210938,215.32000732421875,215.3800048828125,39722
2024-08-09 14:59:00-04:00,215.42999267578125,215.6750030517578,215.42999267578125,215.61000061035156,83221
2024-08-09 15:00:00-04:00,215.60499572753906,215.63999938964844,215.4949951171875,215.51019287109375,103140
2024-08-09 15:01:00-04:00,215.50999450683594,215.61500549316406,215.3800048828125,215.42999267578125,103814
2024-08-09 15:02:00-04:00,215.47000122070312,215.5399932861328,215.27999877929688,215.4199981689453,94576
2024-08-09 15:03:00-04:00,215.41000366210938,215.42999267578125,215.23629760742188,215.3000030517578,58719
2024-08-09 15:04:00-04:00,215.3199005126953,215.35000610351562,215.2100067138672,215.26499938964844,54989
2024-08-09 15:05:00-04:00,215.25999450683594,215.4499969482422,215.25,215.4199981689453,69115
2024-08-09 15:06:00-04:00,215.44000244140625,215.60000610351562,215.39999389648438,215.60000610351562,42657
2024-08-09 15:07:00-04:00,215.6199951171875,215.8800048828125,215.52999877929688,215.8300018310547,85269
2024-08-09 15:08:00-04:00,215.8350067138672,215.9499969482422,215.77000427246094,215.77999877929688,63987
2024-08-09 15:09:00-04:00,215.77499389648438,215.91000366210938,215.7100067138672,215.91000366210938,55596
2024-08-09 15:10:00-04:00,215.9149932861328,215.94000244140625,215.82000732421875,215.85000610351562,61300
2024-08-09 15:11:00-04:00,215.90499877929688,216.0800018310547,215.83999633789062,216.0399932861328,104765
2024-08-09 15:12:00-04:00,216.02000427246094,216.05999755859375,215.89500427246094,215.9069061279297,64752
2024-08-09 15:13:00-04:00,215.90499877929688,215.97500610351562,215.90370178222656,215.97500610351562,48957
2024-08-09 15:14:00-04:00,215.97000122070312,215.99000549316406,215.91009521484375,215.9199981689453,47286
2024-08-09 15:15:00-04:00,215.94000244140625,216.0500030517578,215.9199981689453,216.02999877929688,58057
2024-08-09 15:16:00-04:00,216.02999877929688,216.08999633789062,215.93280029296875,216.05499267578125,53085
2024-08-09 15:17:00-04:00,216.0449981689453,216.07000732421875,216.0,216.00999450683594,35849
2024-08-09 15:18:00-04:00,216.0,216.07969665527344,215.94000244140625,216.07000732421875,48958
2024-08-09 15:19:00-04:00,216.05999755859375,216.10499572753906,216.0399932861328,216.08999633789062,60423
2024-08-09 15:20:00-04:00,216.0800018310547,216.11399841308594,215.8699951171875,215.93499755859375,67908
2024-08-09 15:21:00-04:00,215.9199981689453,215.9199981689453,215.69000244140625,215.74000549316406,71791
2024-08-09 15:22:00-04:00,215.67999267578125,215.9199981689453,215.64999389648438,215.9114990234375,62236
2024-08-09 15:23:00-04:00,215.91000366210938,215.96499633789062,215.86000061035156,215.8699951171875,51511
2024-08-09 15:24:00-04:00,215.88999938964844,215.9600067138672,215.8800048828125,215.94000244140625,52715
2024-08-09 15:25:00-04:00,215.94000244140625,216.05239868164062,215.8699951171875,216.05029296875,74796
2024-08-09 15:26:00-04:00,216.05999755859375,216.13499450683594,215.99000549316406,216.1300048828125,99069
2024-08-09 15:27:00-04:00,216.125,216.2299041748047,216.05999755859375,216.22430419921875,139519
2024-08-09 15:28:00-04:00,216.22500610351562,216.35000610351562,216.11000061035156,216.25999450683594,143466
2024-08-09 15:29:00-04:00,216.25999450683594,216.3800048828125,216.24000549316406,216.28500366210938,91125
2024-08-09 15:30:00-04:00,216.25999450683594,216.38999938964844,216.24000549316406,216.3699951171875,71657
2024-08-09 15:31:00-04:00,216.3800048828125,216.47000122070312,216.35000610351562,216.3699951171875,127172
2024-08-09 15:32:00-04:00,216.38999938964844,216.38999938964844,216.16000366210938,216.23980712890625,73879
2024-08-09 15:33:00-04:00,216.22999572753906,216.27499389648438,216.1999969482422,216.2100067138672,79416
2024-08-09 15:34:00-04:00,216.2100067138672,216.25,216.13999938964844,216.1999969482422,54964
2024-08-09 15:35:00-04:00,216.1999969482422,216.4199981689453,216.19000244140625,216.30999755859375,96398
2024-08-09 15:36:00-04:00,216.32000732421875,216.42999267578125,216.3000030517578,216.35000610351562,70873
2024-08-09 15:37:00-04:00,216.34500122070312,216.35000610351562,216.10000610351562,216.3000030517578,111186
2024-08-09 15:38:00-04:00,216.2899932861328,216.3699951171875,216.24000549316406,216.3300018310547,96619
2024-08-09 15:39:00-04:00,216.3350067138672,216.3350067138672,216.22000122070312,216.2449951171875,74392
2024-08-09 15:40:00-04:00,216.2678985595703,216.4149932861328,216.24000549316406,216.3800048828125,89720
2024-08-09 15:41:00-04:00,216.39999389648438,216.51499938964844,216.35000610351562,216.49000549316406,141712
2024-08-09 15:42:00-04:00,216.49000549316406,216.61500549316406,216.4149932861328,216.5399932861328,141652
2024-08-09 15:43:00-04:00,216.5399932861328,216.55499267578125,216.2899932861328,216.30999755859375,100286
2024-08-09 15:44:00-04:00,216.30999755859375,216.36500549316406,216.14999389648438,216.25,110231
2024-08-09 15:45:00-04:00,216.25,216.4949951171875,216.23500061035156,216.47000122070312,103730
2024-08-09 15:46:00-04:00,216.47000122070312,216.60000610351562,216.3800048828125,216.52999877929688,130636
2024-08-09 15:47:00-04:00,216.52999877929688,216.52999877929688,216.35000610351562,216.38999938964844,108712
2024-08-09 15:48:00-04:00,216.3800048828125,216.5,216.34500122070312,216.49000549316406,118653
2024-08-09 15:49:00-04:00,216.48500061035156,216.49000549316406,216.30999755859375,216.30999755859375,169984
2024-08-09 15:50:00-04:00,216.30999755859375,216.42999267578125,216.00999450683594,216.125,230995
2024-08-09 15:51:00-04:00,216.10000610351562,216.44000244140625,216.00999450683594,216.44000244140625,156138
2024-08-09 15:52:00-04:00,216.44500732421875,216.5,216.1999969482422,216.25999450683594,118330
2024-08-09 15:53:00-04:00,216.24000549316406,216.25,216.05999755859375,216.1699981689453,130838
2024-08-09 15:54:00-04:00,216.16000366210938,216.2050018310547,215.83999633789062,215.9600067138672,423805
2024-08-09 15:55:00-04:00,215.98500061035156,216.00999450683594,215.33999633789062,215.77000427246094,400372
2024-08-09 15:56:00-04:00,215.7899932861328,216.17999267578125,215.72999572753906,216.07000732421875,272088
2024-08-09 15:57:00-04:00,216.0500030517578,216.16990661621094,215.80999755859375,216.0500946044922,271088
2024-08-09 15:58:00-04:00,216.0500030517578,216.3000030517578,215.94000244140625,216.3000030517578,411640
2024-08-09 15:59:00-04:00,216.2899932861328,216.39999389648438,216.1199951171875,216.3000030517578,751552
